<Interlink id="Brinkman_GTT">
  <SourceDataset dataSource="kb_nbc" var="a">
    <RestrictTo> ?a &lt;http://www.w3.org/2004/02/skos/core#inScheme&gt; &lt;http://schemas.kb.nl/thesaurus/Brinkman&gt; . </RestrictTo>
  </SourceDataset>
  <TargetDataset dataSource="kb_nbc" var="b">
    <RestrictTo> ?b &lt;http://www.w3.org/2004/02/skos/core#inScheme&gt; &lt;http://schemas.kb.nl/thesaurus/GTT&gt; . </RestrictTo>
  </TargetDataset>
  <LinkageRule linkType="&lt;http://www.w3.org/2004/02/skos/core#exactMatch&gt;">
    <Compare id="unnamed_5" required="false" weight="1" metric="equality" threshold="0.0" indexing="true">
      <TransformInput id="unnamed_3" function="lowerCase">
        <Input id="unnamed_1" path="?a/&lt;http://www.w3.org/2004/02/skos/core#prefLabel&gt;"/>
      </TransformInput>
      <TransformInput id="unnamed_4" function="lowerCase">
        <Input id="unnamed_2" path="?b/&lt;http://www.w3.org/2004/02/skos/core#prefLabel&gt;"/>
      </TransformInput>
    </Compare>
    <Filter/>
  </LinkageRule>
  <Outputs>
    <Dataset id="output">
      <DatasetPlugin type="file">
        <Param name="file" value="output.nt"/>
        <Param name="format" value="N-Triples"/>
        <Param name="graph" value=""/>
      </DatasetPlugin>
    </Dataset>
  </Outputs>
</Interlink>
