<Cache>
  <EntityDescriptions>
    <Source>
      <EntityDescription>
        <Variable>a</Variable>
        <Restrictions>?a &lt;http://www.w3.org/1999/02/22-rdf-syntax-ns#type&gt; &lt;http://www.wikidata.org/entity/Q5&gt; .</Restrictions>
        <Paths>
          <Path>?a/&lt;http://www.wikidata.org/entity/P214c&gt;</Path>
          <Path>?a\&lt;http://www.wikidata.org/entity/P142c&gt;</Path>
          <Path>?a/&lt;http://www.w3.org/2000/01/rdf-schema#label&gt;</Path>
          <Path>?a/&lt;http://www.w3.org/1999/02/22-rdf-syntax-ns#type&gt;</Path>
          <Path>?a/&lt;http://schema.org/description&gt;</Path>
          <Path>?a/&lt;http://www.wikidata.org/entity/P31s&gt;</Path>
          <Path>?a/&lt;http://www.wikidata.org/entity/P31c&gt;</Path>
          <Path>?a/&lt;http://www.wikidata.org/entity/P21s&gt;</Path>
          <Path>?a/&lt;http://www.wikidata.org/entity/P21c&gt;</Path>
          <Path>?a/&lt;http://www.w3.org/2004/02/skos/core#altLabel&gt;</Path>
          <Path>?a/&lt;http://www.wikidata.org/entity/P106s&gt;</Path>
          <Path>?a/&lt;http://www.wikidata.org/entity/P106c&gt;</Path>
          <Path>?a/&lt;http://www.wikidata.org/entity/P569s&gt;</Path>
          <Path>?a/&lt;http://www.wikidata.org/entity/P569c&gt;</Path>
          <Path>?a/&lt;http://www.wikidata.org/entity/P735s&gt;</Path>
          <Path>?a/&lt;http://www.wikidata.org/entity/P735c&gt;</Path>
          <Path>?a/&lt;http://www.wikidata.org/entity/P27s&gt;</Path>
          <Path>?a/&lt;http://www.wikidata.org/entity/P27c&gt;</Path>
          <Path>?a/&lt;http://www.wikidata.org/entity/P570s&gt;</Path>
          <Path>?a/&lt;http://www.wikidata.org/entity/P570c&gt;</Path>
          <Path>?a/&lt;http://www.wikidata.org/entity/P19s&gt;</Path>
          <Path>?a/&lt;http://www.wikidata.org/entity/P19c&gt;</Path>
          <Path>?a/&lt;http://www.wikidata.org/entity/P214s&gt;</Path>
          <Path>?a/&lt;http://www.wikidata.org/entity/P214-viaf&gt;</Path>
          <Path>?a/&lt;http://www.wikidata.org/entity/P54s&gt;</Path>
          <Path>?a/&lt;http://www.wikidata.org/entity/P54c&gt;</Path>
          <Path>?a/&lt;http://www.wikidata.org/entity/P20s&gt;</Path>
          <Path>?a/&lt;http://www.wikidata.org/entity/P20c&gt;</Path>
          <Path>?a/&lt;http://www.wikidata.org/entity/P646s&gt;</Path>
          <Path>?a/&lt;http://www.wikidata.org/entity/P646c&gt;</Path>
          <Path>?a/&lt;http://www.wikidata.org/entity/P646-freebase&gt;</Path>
          <Path>?a/&lt;http://www.wikidata.org/entity/P18s&gt;</Path>
          <Path>?a/&lt;http://www.wikidata.org/entity/P18c&gt;</Path>
          <Path>?a/&lt;http://www.wikidata.org/entity/P227s&gt;</Path>
          <Path>?a/&lt;http://www.wikidata.org/entity/P227-gnd&gt;</Path>
          <Path>?a/&lt;http://www.wikidata.org/entity/P227c&gt;</Path>
          <Path>?a/&lt;http://www.wikidata.org/entity/P69s&gt;</Path>
          <Path>?a/&lt;http://www.wikidata.org/entity/P69c&gt;</Path>
          <Path>?a/&lt;http://www.wikidata.org/entity/P166s&gt;</Path>
          <Path>?a/&lt;http://www.wikidata.org/entity/P166c&gt;</Path>
          <Path>?a/&lt;http://www.wikidata.org/entity/P39s&gt;</Path>
          <Path>?a/&lt;http://www.wikidata.org/entity/P244s&gt;</Path>
          <Path>?a/&lt;http://www.wikidata.org/entity/P244-lcnaf&gt;</Path>
          <Path>?a/&lt;http://www.wikidata.org/entity/P244c&gt;</Path>
          <Path>?a/&lt;http://www.wikidata.org/entity/P213s&gt;</Path>
          <Path>?a/&lt;http://www.wikidata.org/entity/P213c&gt;</Path>
          <Path>?a/&lt;http://www.wikidata.org/entity/P39c&gt;</Path>
          <Path>?a/&lt;http://www.wikidata.org/entity/P102s&gt;</Path>
          <Path>?a/&lt;http://www.wikidata.org/entity/P102c&gt;</Path>
          <Path>?a/&lt;http://www.wikidata.org/entity/P373c&gt;</Path>
          <Path>?a/&lt;http://www.wikidata.org/entity/P373s&gt;</Path>
          <Path>?a\&lt;http://schema.org/about&gt;</Path>
          <Path>?a\&lt;http://www.wikidata.org/entity/P161v&gt;</Path>
          <Path>?a\&lt;http://www.wikidata.org/entity/P161c&gt;</Path>
          <Path>?a\&lt;http://www.wikidata.org/entity/P57v&gt;</Path>
          <Path>?a\&lt;http://www.wikidata.org/entity/P57c&gt;</Path>
          <Path>?a\&lt;http://www.wikidata.org/entity/P175v&gt;</Path>
          <Path>?a\&lt;http://www.wikidata.org/entity/P175c&gt;</Path>
          <Path>?a\&lt;http://www.wikidata.org/entity/P50v&gt;</Path>
          <Path>?a\&lt;http://www.wikidata.org/entity/P50c&gt;</Path>
          <Path>?a\&lt;http://www.wikidata.org/entity/P40v&gt;</Path>
        </Paths>
      </EntityDescription>
    </Source>
    <Target>
      <EntityDescription>
        <Variable>b</Variable>
        <Restrictions>?b &lt;http://dbpedia.org/ontology/viafId&gt; ?viaf .</Restrictions>
        <Paths>
          <Path>?b/&lt;http://dbpedia.org/ontology/viafId&gt;</Path>
          <Path>?b\&lt;http://dbpedia.org/ontology/viafId&gt;</Path>
          <Path>?b/&lt;http://www.w3.org/2002/07/owl#sameAs&gt;</Path>
          <Path>?b/&lt;http://purl.org/dc/elements/1.1/type&gt;</Path>
          <Path>?b/&lt;http://www.w3.org/1999/02/22-rdf-syntax-ns#type&gt;</Path>
          <Path>?b/&lt;http://www.w3.org/2004/02/skos/core#prefLabel&gt;</Path>
          <Path>?b/&lt;http://www.w3.org/2004/02/skos/core#exactMatch&gt;</Path>
          <Path>?b/&lt;http://www.w3.org/2004/02/skos/core#inScheme&gt;</Path>
          <Path>?b/&lt;http://www.w3.org/2004/02/skos/core#altLabel&gt;</Path>
          <Path>?b/&lt;http://data.bibliotheek.nl/ns/nbc/ggc#pp001B_t&gt;</Path>
          <Path>?b/&lt;http://data.bibliotheek.nl/ns/nbc/ggc#pp001B_0&gt;</Path>
          <Path>?b/&lt;http://data.bibliotheek.nl/ns/nbc/ggc#pp001D_0&gt;</Path>
          <Path>?b/&lt;http://data.bibliotheek.nl/ns/nbc/ggc#pp002apetail_0&gt;</Path>
          <Path>?b/&lt;http://data.bibliotheek.nl/ns/nbc/ggc#pp001A_0&gt;</Path>
          <Path>?b/&lt;http://vocab.inf.ed.ac.uk/library/holdings#item&gt;</Path>
          <Path>?b/&lt;http://data.bibliotheek.nl/ns/nbc/ggc#pp003apetail_0&gt;</Path>
          <Path>?b/&lt;http://purl.org/dc/terms/identifier&gt;</Path>
          <Path>?b/&lt;http://purl.org/dc/terms/title&gt;</Path>
          <Path>?b/&lt;http://xmlns.com/foaf/0.1/name&gt;</Path>
          <Path>?b/&lt;http://krait.kb.nl/coop/tel/handbook/telterms.htmlbirthDate&gt;</Path>
          <Path>?b/&lt;http://krait.kb.nl/coop/tel/handbook/telterms.htmldeathDate&gt;</Path>
          <Path>?b/&lt;http://data.bibliotheek.nl/ns/nbc/ggc#pp028A_a&gt;</Path>
          <Path>?b/&lt;http://data.bibliotheek.nl/ns/nbc/ggc#pp028A_d&gt;</Path>
          <Path>?b/&lt;http://www.w3.org/2004/02/skos/core#editorialNote&gt;</Path>
          <Path>?b/&lt;http://data.bibliotheek.nl/ns/nbc/ggc#pp032A_a&gt;</Path>
          <Path>?b/&lt;http://data.bibliotheek.nl/ns/nbc/ggc#pp028apetail_a&gt;</Path>
          <Path>?b/&lt;http://data.bibliotheek.nl/ns/nbc/ggc#pp028B_a&gt;</Path>
          <Path>?b/&lt;http://data.bibliotheek.nl/ns/nbc/ggc#pp028B_d&gt;</Path>
          <Path>?b/&lt;http://data.bibliotheek.nl/ns/nbc/ggc#pp028apetail_d&gt;</Path>
          <Path>?b/&lt;http://data.bibliotheek.nl/ns/nbc/ggc#pp028A_c&gt;</Path>
          <Path>?b/&lt;http://data.bibliotheek.nl/ns/nbc/ggc#pp032B_a&gt;</Path>
          <Path>?b/&lt;http://data.bibliotheek.nl/ns/nbc/ggc#pp028apetail_c&gt;</Path>
          <Path>?b/&lt;http://data.bibliotheek.nl/ns/nbc/ggc#countryOfPublication&gt;</Path>
          <Path>?b/&lt;http://data.bibliotheek.nl/ns/nbc/ggc#pp019apetail_a&gt;</Path>
          <Path>?b/&lt;http://data.bibliotheek.nl/ns/nbc/ggc#pp028B_c&gt;</Path>
          <Path>?b/&lt;http://www.w3.org/2004/02/skos/core#scopeNote&gt;</Path>
          <Path>?b/&lt;http://data.bibliotheek.nl/ns/nbc/ggc#pp013A_a&gt;</Path>
          <Path>?b/&lt;http://data.bibliotheek.nl/ns/nbc/ggc#pp032C_a&gt;</Path>
          <Path>?b/&lt;http://www.w3.org/2004/02/skos/core#related&gt;</Path>
          <Path>?b/&lt;http://data.bibliotheek.nl/ns/nbc/ggc#pp028apetail_5&gt;</Path>
          <Path>?b/&lt;http://data.bibliotheek.nl/ns/nbc/ggc#pp028A_5&gt;</Path>
          <Path>?b/&lt;http://data.bibliotheek.nl/ns/nbc/ggc#pp038B_a&gt;</Path>
          <Path>?b/&lt;http://data.bibliotheek.nl/ns/nbc/ggc#pp028apetail_l&gt;</Path>
          <Path>?b/&lt;http://data.bibliotheek.nl/ns/nbc/ggc#pp038A_z&gt;</Path>
          <Path>?b/&lt;http://data.bibliotheek.nl/ns/nbc/ggc#pp038B_9&gt;</Path>
          <Path>?b/&lt;http://data.bibliotheek.nl/ns/nbc/ggc#pp038B_d&gt;</Path>
          <Path>?b/&lt;http://data.bibliotheek.nl/ns/nbc/ggc#pp038A_a&gt;</Path>
          <Path>?b/&lt;http://data.bibliotheek.nl/ns/nbc/ggc#pp038A_d&gt;</Path>
          <Path>?b/&lt;http://data.bibliotheek.nl/ns/nbc/ggc#pp028A_l&gt;</Path>
          <Path>?b/&lt;http://data.bibliotheek.nl/ns/nbc/ggc#pp038B_z&gt;</Path>
          <Path>?b/&lt;http://data.bibliotheek.nl/ns/nbc/ggc#pp028A_U&gt;</Path>
          <Path>?b\&lt;http://purl.org/dc/terms/isFormatOf&gt;</Path>
          <Path>?b\&lt;http://www.w3.org/2002/07/owl#sameAs&gt;</Path>
          <Path>?b\&lt;http://vocab.inf.ed.ac.uk/library/holdings#item&gt;</Path>
          <Path>?b\&lt;http://purl.org/dc/terms/identifier&gt;</Path>
          <Path>?b\&lt;http://purl.org/dc/terms/subject&gt;</Path>
          <Path>?b\&lt;http://purl.org/dc/terms/creator&gt;</Path>
          <Path>?b\&lt;http://www.w3.org/2004/02/skos/core#related&gt;</Path>
          <Path>?b\&lt;http://purl.org/dc/terms/contributor&gt;</Path>
          <Path>?b\&lt;http://purl.org/dc/terms/isPartOf&gt;</Path>
        </Paths>
      </EntityDescription>
    </Target>
  </EntityDescriptions>
  <PositiveEntities> </PositiveEntities>
  <NegativeEntities> </NegativeEntities>
</Cache>
