<Interlink id="Wikidata_VIAF">
  <LinkType>&lt;http://www.w3.org/2002/07/owl#sameAs&gt;</LinkType>
  <SourceDataset dataSource="Wikidata" var="a">
    <RestrictTo> ?a &lt;http://www.w3.org/1999/02/22-rdf-syntax-ns#type&gt; &lt;http://www.wikidata.org/entity/Q5&gt; . </RestrictTo>
  </SourceDataset>
  <TargetDataset dataSource="nbc_nta" var="b">
    <RestrictTo> ?b &lt;http://dbpedia.org/ontology/viafId&gt; ?viaf . </RestrictTo>
  </TargetDataset>
  <LinkageRule>
    <Compare id="unnamed_3" required="false" weight="1" metric="equality" threshold="0.0" indexing="true">
      <Input id="unnamed_1" path="?a/&lt;http://www.wikidata.org/entity/P214c&gt;"/>
      <Input id="unnamed_2" path="?b/&lt;http://dbpedia.org/ontology/viafId&gt;"/>
    </Compare>
  </LinkageRule>
  <Filter unambiguous="false"/>
  <Outputs> </Outputs>
</Interlink>
