<Interlink id="rce_monuments">
        <SourceDataset dataSource="kb_nbc" var="a">
        <RestrictTo>
          ?a &lt;http://nl.dbpedia.org/property/monumentnummer&gt; ?o .
        </RestrictTo>
      </SourceDataset>
        <TargetDataset dataSource="nldbpedia" var="b">
        <RestrictTo>
          ?b &lt;http://nl.dbpedia.org/property/monumentnummer&gt; ?o .
        </RestrictTo>
      </TargetDataset>
        <LinkageRule linkType="&lt;http://www.w3.org/2002/07/owl#sameAs&gt;">
        <Compare id="unnamed_8" required="false" weight="1" metric="equality" threshold="0.0" indexing="true">
            <Input id="unnamed_7" path="?a/&lt;http://nl.dbpedia.org/property/monumentnummer&gt;"/><Input id="unnamed_1" path="?b/&lt;http://nl.dbpedia.org/property/monumentnummer&gt;"/>
          </Compare>
        <Filter/>
      </LinkageRule>
        <Outputs>
          
        </Outputs>
      </Interlink>