<Pair>
  <Source>
    <EntityDescription>
      <Variable>a</Variable>
      <Restrictions>?a &lt;http://nl.dbpedia.org/property/monumentnummer&gt; ?o .</Restrictions>
      <Paths>
        <Path>?a/&lt;http://nl.dbpedia.org/property/monumentnummer&gt;</Path>
      </Paths>
    </EntityDescription>
  </Source>
  <Target>
    <EntityDescription>
      <Variable>b</Variable>
      <Restrictions>?b &lt;http://nl.dbpedia.org/property/monumentnummer&gt; ?o2 .</Restrictions>
      <Paths>
        <Path>?b/&lt;http://nl.dbpedia.org/property/monumentnummer&gt;</Path>
        <Path>?b/&lt;http://www.w3.org/1999/02/22-rdf-syntax-ns#type&gt;</Path>
        <Path>?b/&lt;http://purl.org/dc/terms/subject&gt;</Path>
        <Path>?b/&lt;http://nl.dbpedia.org/property/wikiPageUsesTemplate&gt;</Path>
        <Path>?b/&lt;http://dbpedia.org/ontology/wikiPageExtracted&gt;</Path>
        <Path>?b/&lt;http://dbpedia.org/ontology/abstract&gt;</Path>
        <Path>?b/&lt;http://nl.dbpedia.org/property/afbeelding&gt;</Path>
        <Path>?b/&lt;http://www.w3.org/2000/01/rdf-schema#comment&gt;</Path>
        <Path>?b/&lt;http://dbpedia.org/ontology/name&gt;</Path>
        <Path>?b/&lt;http://dbpedia.org/ontology/codeNationalMonument&gt;</Path>
        <Path>?b/&lt;http://dbpedia.org/ontology/wikiPageModified&gt;</Path>
        <Path>?b/&lt;http://dbpedia.org/ontology/wikiPageRevisionID&gt;</Path>
        <Path>?b/&lt;http://dbpedia.org/ontology/wikiPageRevisionLink&gt;</Path>
        <Path>?b/&lt;http://dbpedia.org/ontology/wikiPageLength&gt;</Path>
        <Path>?b/&lt;http://dbpedia.org/ontology/wikiPageOutDegree&gt;</Path>
        <Path>?b/&lt;http://dbpedia.org/ontology/wikiPageID&gt;</Path>
        <Path>?b/&lt;http://www.w3.org/2000/01/rdf-schema#label&gt;</Path>
        <Path>?b/&lt;http://xmlns.com/foaf/0.1/isPrimaryTopicOf&gt;</Path>
        <Path>?b/&lt;http://dbpedia.org/ontology/wikiPageEditLink&gt;</Path>
        <Path>?b/&lt;http://dbpedia.org/ontology/wikiPageHistoryLink&gt;</Path>
        <Path>?b/&lt;http://nl.dbpedia.org/property/onderschrift&gt;</Path>
        <Path>?b/&lt;http://nl.dbpedia.org/property/naam&gt;</Path>
        <Path>?b/&lt;http://dbpedia.org/ontology/location&gt;</Path>
        <Path>?b/&lt;http://dbpedia.org/ontology/wikiPageExternalLink&gt;</Path>
        <Path>?b/&lt;http://nl.dbpedia.org/property/plaats&gt;</Path>
        <Path>?b/&lt;http://nl.dbpedia.org/property/monumentstatus&gt;</Path>
        <Path>?b/&lt;http://dbpedia.org/ontology/protectionStatus&gt;</Path>
        <Path>?b/&lt;http://dbpedia.org/ontology/yearOfConstruction&gt;</Path>
        <Path>?b/&lt;http://nl.dbpedia.org/property/bouwjaar&gt;</Path>
        <Path>?b/&lt;http://dbpedia.org/ontology/subtitle&gt;</Path>
        <Path>?b/&lt;http://dbpedia.org/ontology/currentlyUsedFor&gt;</Path>
        <Path>?b/&lt;http://www.w3.org/2002/07/owl#sameAs&gt;</Path>
        <Path>?b/&lt;http://nl.dbpedia.org/property/locatie&gt;</Path>
        <Path>?b/&lt;http://dbpedia.org/ontology/buildingEndYear&gt;</Path>
        <Path>?b/&lt;http://nl.dbpedia.org/property/type&gt;</Path>
        <Path>?b/&lt;http://nl.dbpedia.org/property/architect&gt;</Path>
        <Path>?b/&lt;http://nl.dbpedia.org/property/functie&gt;</Path>
        <Path>?b/&lt;http://dbpedia.org/ontology/millType&gt;</Path>
        <Path>?b/&lt;http://nl.dbpedia.org/property/lonDir&gt;</Path>
        <Path>?b/&lt;http://dbpedia.org/ontology/millsCodeDutch&gt;</Path>
        <Path>?b/&lt;http://nl.dbpedia.org/property/latDir&gt;</Path>
        <Path>?b/&lt;http://nl.dbpedia.org/property/molendatabaseHollandscheMolen&gt;</Path>
        <Path>?b/&lt;http://dbpedia.org/ontology/rebuildingYear&gt;</Path>
        <Path>?b/&lt;http://dbpedia.org/ontology/millsCodeNL&gt;</Path>
        <Path>?b/&lt;http://nl.dbpedia.org/property/molendatabaseNl&gt;</Path>
        <Path>?b/&lt;http://dbpedia.org/ontology/originallyUsedFor&gt;</Path>
        <Path>?b/&lt;http://nl.dbpedia.org/property/latMin&gt;</Path>
        <Path>?b/&lt;http://nl.dbpedia.org/property/lonDeg&gt;</Path>
        <Path>?b/&lt;http://nl.dbpedia.org/property/lonMin&gt;</Path>
        <Path>?b/&lt;http://nl.dbpedia.org/property/latDeg&gt;</Path>
        <Path>?b\&lt;http://xmlns.com/foaf/0.1/primaryTopic&gt;</Path>
        <Path>?b\&lt;http://dbpedia.org/ontology/wikiPageRedirects&gt;</Path>
        <Path>?b\&lt;http://nl.dbpedia.org/property/objectnaam&gt;</Path>
        <Path>?b\&lt;http://dbpedia.org/ontology/wikiPageDisambiguates&gt;</Path>
        <Path>?b\&lt;http://dbpedia.org/ontology/pictureDescription&gt;</Path>
        <Path>?b\&lt;http://dbpedia.org/ontology/location&gt;</Path>
        <Path>?b\&lt;http://nl.dbpedia.org/property/verblijfplaats&gt;</Path>
        <Path>?b\&lt;http://nl.dbpedia.org/property/museum&gt;</Path>
        <Path>?b\&lt;http://dbpedia.org/ontology/museum&gt;</Path>
        <Path>?b\&lt;http://nl.dbpedia.org/property/caption&gt;</Path>
      </Paths>
    </EntityDescription>
  </Target>
</Pair>
