<Pair>
  <Source>
    <EntityDescription>
      <Variable>a</Variable>
      <Restrictions>?a &lt;http://www.w3.org/2004/02/skos/core#inScheme&gt; &lt;http://schemas.kb.nl/thesaurus/Corporaties&gt; .</Restrictions>
      <Paths>
        <Path>?a/&lt;http://purl.org/dc/elements/1.1/type&gt;</Path>
        <Path>?a/&lt;http://www.w3.org/2004/02/skos/core#editorialNote&gt;</Path>
        <Path>?a/&lt;http://rdfs.org/ns/void#inDataset&gt;</Path>
        <Path>?a/&lt;http://www.w3.org/2004/02/skos/core#prefLabel&gt;</Path>
        <Path>?a/&lt;http://www.w3.org/1999/02/22-rdf-syntax-ns#type&gt;</Path>
        <Path>?a/&lt;http://www.w3.org/2004/02/skos/core#inScheme&gt;</Path>
        <Path>?a/&lt;http://schema.org/Country&gt;</Path>
        <Path>?a/&lt;http://www.w3.org/2004/02/skos/core#altLabel&gt;</Path>
        <Path>?a/&lt;http://www.w3.org/2004/02/skos/core#broader&gt;</Path>
        <Path>?a/&lt;http://www.w3.org/2004/02/skos/core#related&gt;</Path>
        <Path>?a/&lt;http://www.w3.org/2004/02/skos/core#historyNote&gt;</Path>
        <Path>?a/&lt;http://schema.org/foundingDate&gt;</Path>
        <Path>?a/&lt;http://schema.org/dissolutionDate&gt;</Path>
        <Path>?a/&lt;http://www.w3.org/2004/02/skos/core#scopeNote&gt;</Path>
        <Path>?a/&lt;http://www.w3.org/2000/01/rdf-schema#label&gt;</Path>
        <Path>?a\&lt;http://www.w3.org/2004/02/skos/core#related&gt;</Path>
        <Path>?a\&lt;http://www.w3.org/2004/02/skos/core#broader&gt;</Path>
        <Path>?a\&lt;http://purl.org/dc/terms/contributor&gt;</Path>
      </Paths>
    </EntityDescription>
  </Source>
  <Target>
    <EntityDescription>
      <Variable>b</Variable>
      <Restrictions>?b ?pb ?ob .</Restrictions>
      <Paths>
        <Path>?b/&lt;http://www.w3.org/2000/01/rdf-schema#label&gt;</Path>
      </Paths>
    </EntityDescription>
  </Target>
</Pair>
