<Cache>
  <EntityDescriptions>
    <Source>
      <EntityDescription>
        <Variable>a</Variable>
        <Restrictions>{ ?a a &lt;http://dbpedia.org/ontology/Film&gt; } .</Restrictions>
        <Paths>
          <Path>?a/&lt;http://purl.org/dc/terms/title&gt;</Path>
          <Path>?a/&lt;http://data.bibliotheek.nl/CDR/track&gt;</Path>
          <Path>?a/&lt;http://purl.org/dc/terms/medium&gt;</Path>
          <Path>?a/&lt;http://purl.org/dc/terms/identifier&gt;</Path>
          <Path>?a/&lt;http://data.bibliotheek.nl/ns/nbc/ggc#pp028C_d&gt;</Path>
          <Path>?a/&lt;http://data.bibliotheek.nl/ns/nbc/ggc#pp028C_a&gt;</Path>
          <Path>?a/&lt;http://purl.org/dc/terms/contributor&gt;</Path>
          <Path>?a/&lt;http://data.bibliotheek.nl/ns/nbc/ggc#pp002E_b&gt;</Path>
          <Path>?a/&lt;http://data.bibliotheek.nl/ns/nbc/ggc#pp002E_2&gt;</Path>
          <Path>?a/&lt;http://www.w3.org/1999/02/22-rdf-syntax-ns#type&gt;</Path>
          <Path>?a/&lt;http://data.bibliotheek.nl/ns/nbc/ggc#pp002E_a&gt;</Path>
          <Path>?a/&lt;http://data.bibliotheek.nl/ns/nbc/ggc#pp013apetail_0&gt;</Path>
          <Path>?a/&lt;http://www.w3.org/2004/02/skos/core#note&gt;</Path>
          <Path>?a/&lt;http://purl.org/dc/terms/subject&gt;</Path>
          <Path>?a/&lt;http://purl.org/dc/terms/format&gt;</Path>
          <Path>?a/&lt;http://data.bibliotheek.nl/ns/nbc/ggc#pp002D_a&gt;</Path>
          <Path>?a/&lt;http://data.bibliotheek.nl/ns/nbc/ggc#pp002D_b&gt;</Path>
          <Path>?a/&lt;http://data.bibliotheek.nl/ns/nbc/ggc#pp028C_9&gt;</Path>
          <Path>?a/&lt;http://data.bibliotheek.nl/ns/nbc/ggc#pp004E_0&gt;</Path>
          <Path>?a/&lt;http://data.bibliotheek.nl/ns/nbc/ggc#pp021A_a&gt;</Path>
          <Path>?a/&lt;http://data.bibliotheek.nl/ns/nbc/ggc#pp021A_j&gt;</Path>
          <Path>?a/&lt;http://data.bibliotheek.nl/ns/nbc/ggc#pp033A_p&gt;</Path>
          <Path>?a/&lt;http://data.bibliotheek.nl/ns/nbc/ggc#pp001B_t&gt;</Path>
          <Path>?a/&lt;http://data.bibliotheek.nl/ns/nbc/ggc#pp001B_0&gt;</Path>
          <Path>?a/&lt;http://data.bibliotheek.nl/ns/nbc/ggc#pp001A_0&gt;</Path>
          <Path>?a/&lt;http://vocab.inf.ed.ac.uk/library/holdings#item&gt;</Path>
          <Path>?a/&lt;http://data.bibliotheek.nl/ns/nbc/ggc#pp003apetail_0&gt;</Path>
          <Path>?a/&lt;http://data.bibliotheek.nl/ns/nbc/ggc#pp001D_0&gt;</Path>
          <Path>?a/&lt;http://data.bibliotheek.nl/ns/nbc/ggc#pp011apetail_a&gt;</Path>
          <Path>?a/&lt;http://data.bibliotheek.nl/ns/nbc/ggc#pp002apetail_0&gt;</Path>
          <Path>?a/&lt;http://purl.org/dc/terms/date&gt;</Path>
          <Path>?a/&lt;http://data.bibliotheek.nl/ns/nbc/ggc#pp033A_n&gt;</Path>
          <Path>?a/&lt;http://data.bibliotheek.nl/ns/nbc/ggc#pp001apetail_0&gt;</Path>
          <Path>?a/&lt;http://data.bibliotheek.nl/ns/nbc/ggc#pp034D_a&gt;</Path>
          <Path>?a/&lt;http://purl.org/dc/terms/extent&gt;</Path>
          <Path>?a/&lt;http://data.bibliotheek.nl/ns/nbc/ggc#pp037A_a&gt;</Path>
          <Path>?a/&lt;http://data.bibliotheek.nl/ns/nbc/ggc#pp002C_b&gt;</Path>
          <Path>?a/&lt;http://data.bibliotheek.nl/ns/nbc/ggc#pp002C_a&gt;</Path>
          <Path>?a/&lt;http://data.bibliotheek.nl/ns/nbc/ggc#pp002C_2&gt;</Path>
          <Path>?a/&lt;http://data.bibliotheek.nl/ns/nbc/ggc#pp002D_2&gt;</Path>
          <Path>?a/&lt;http://data.bibliotheek.nl/ns/nbc/ggc#pp021A_h&gt;</Path>
          <Path>?a/&lt;http://data.bibliotheek.nl/ns/nbc/ggc#pp010apetail_a&gt;</Path>
          <Path>?a/&lt;http://purl.org/dc/terms/language&gt;</Path>
          <Path>?a/&lt;http://data.bibliotheek.nl/ns/nbc/ggc#pp034M_a&gt;</Path>
          <Path>?a/&lt;http://purl.org/dc/terms/creator&gt;</Path>
          <Path>?a/&lt;http://purl.org/dc/terms/publisher&gt;</Path>
          <Path>?a/&lt;http://data.bibliotheek.nl/ns/nbc/ggc#countryOfPublication&gt;</Path>
          <Path>?a/&lt;http://data.bibliotheek.nl/ns/nbc/ggc#pp019apetail_a&gt;</Path>
          <Path>?a/&lt;http://purl.org/dc/terms/description&gt;</Path>
          <Path>?a/&lt;http://data.bibliotheek.nl/ns/nbc#kijkwijzer&gt;</Path>
          <Path>?a\&lt;http://purl.org/dc/terms/identifier&gt;</Path>
          <Path>?a\&lt;http://vocab.inf.ed.ac.uk/library/holdings#item&gt;</Path>
          <Path>?a\&lt;http://purl.org/dc/terms/isFormatOf&gt;</Path>
          <Path>?a\&lt;http://purl.org/dc/terms/references&gt;</Path>
        </Paths>
      </EntityDescription>
    </Source>
    <Target>
      <EntityDescription>
        <Variable>b</Variable>
        <Restrictions>{ ?b a &lt;http://data.linkedmdb.org/resource/movie/film&gt; } .</Restrictions>
        <Paths>
          <Path>?b/&lt;http://www.w3.org/2000/01/rdf-schema#label&gt;</Path>
          <Path>?b/&lt;http://xmlns.com/foaf/0.1/page&gt;</Path>
          <Path>?b/&lt;http://data.linkedmdb.org/resource/movie/filmid&gt;</Path>
          <Path>?b/&lt;http://www.w3.org/1999/02/22-rdf-syntax-ns#type&gt;</Path>
          <Path>?b/&lt;http://purl.org/dc/terms/title&gt;</Path>
          <Path>?b/&lt;http://data.linkedmdb.org/resource/movie/initial_release_date&gt;</Path>
          <Path>?b/&lt;http://purl.org/dc/terms/date&gt;</Path>
          <Path>?b/&lt;http://data.linkedmdb.org/resource/movie/director&gt;</Path>
          <Path>?b/&lt;http://data.linkedmdb.org/resource/movie/actor&gt;</Path>
          <Path>?b/&lt;http://data.linkedmdb.org/resource/movie/performance&gt;</Path>
          <Path>?b/&lt;http://data.linkedmdb.org/resource/movie/producer&gt;</Path>
          <Path>?b/&lt;http://data.linkedmdb.org/resource/movie/writer&gt;</Path>
          <Path>?b/&lt;http://data.linkedmdb.org/resource/movie/music_contributor&gt;</Path>
          <Path>?b/&lt;http://data.linkedmdb.org/resource/movie/editor&gt;</Path>
          <Path>?b/&lt;http://data.linkedmdb.org/resource/movie/sequel&gt;</Path>
          <Path>?b/&lt;http://xmlns.com/foaf/0.1/based_near&gt;</Path>
          <Path>?b/&lt;http://data.linkedmdb.org/resource/movie/country&gt;</Path>
          <Path>?b/&lt;http://www.w3.org/2004/02/skos/core#subject&gt;</Path>
          <Path>?b/&lt;http://data.linkedmdb.org/resource/movie/film_subject&gt;</Path>
          <Path>?b/&lt;http://data.linkedmdb.org/resource/movie/featured_film_location&gt;</Path>
          <Path>?b/&lt;http://data.linkedmdb.org/resource/movie/film_cut&gt;</Path>
          <Path>?b/&lt;http://data.linkedmdb.org/resource/movie/prequel&gt;</Path>
          <Path>?b/&lt;http://data.linkedmdb.org/resource/movie/language&gt;</Path>
          <Path>?b/&lt;http://data.linkedmdb.org/resource/movie/runtime&gt;</Path>
          <Path>?b/&lt;http://data.linkedmdb.org/resource/movie/production_company&gt;</Path>
          <Path>?b/&lt;http://data.linkedmdb.org/resource/movie/genre&gt;</Path>
          <Path>?b/&lt;http://www.w3.org/2002/07/owl#sameAs&gt;</Path>
          <Path>?b/&lt;http://dbpedia.org/property/hasPhotoCollection&gt;</Path>
          <Path>?b/&lt;http://data.linkedmdb.org/resource/movie/cinematographer&gt;</Path>
          <Path>?b/&lt;http://data.linkedmdb.org/resource/movie/story_contributor&gt;</Path>
          <Path>?b/&lt;http://data.linkedmdb.org/resource/movie/film_story_contributor&gt;</Path>
          <Path>?b/&lt;http://data.linkedmdb.org/resource/movie/film_format&gt;</Path>
        </Paths>
      </EntityDescription>
    </Target>
  </EntityDescriptions>
  <PositiveEntities> </PositiveEntities>
  <NegativeEntities> </NegativeEntities>
</Cache>
