<DataSource id="nl_dbpedia" type="sparqlEndpoint">
  <Param name="pageSize" value="1000"/>
  <Param name="pauseTime" value="0"/>
  <Param name="retryCount" value="3"/>
  <Param name="endpointURI" value="http://nl.dbpedia.org/sparql"/>
  <Param name="retryPause" value="1000"/>
  <Param name="graph" value="http://nl.dbpedia.org"/>
  <Param name="queryParameters" value=""/>
  <Param name="login" value=""/>
  <Param name="entityList" value=""/>
  <Param name="parallel" value="true"/>
  <Param name="password" value=""/>
</DataSource>
