<Cache>
  <EntityDescriptions>
    <Source>
      <EntityDescription>
        <Variable>a</Variable>
        <Restrictions>{ ?a a &lt;http://dbpedia.org/ontology/Person&gt; } .</Restrictions>
        <Paths>
          <Path>?a/&lt;http://dbpedia.org/ontology/viafId&gt;</Path>
          <Path>?a/&lt;http://www.w3.org/1999/02/22-rdf-syntax-ns#type&gt;</Path>
          <Path>?a/&lt;http://xmlns.com/foaf/0.1/name&gt;</Path>
          <Path>?a/&lt;http://data.bibliotheek.nl/ns/nbc/ggc#pp001B_t&gt;</Path>
          <Path>?a/&lt;http://data.bibliotheek.nl/ns/nbc/ggc#pp001B_0&gt;</Path>
          <Path>?a/&lt;http://data.bibliotheek.nl/ns/nbc/ggc#pp001D_0&gt;</Path>
          <Path>?a/&lt;http://data.bibliotheek.nl/ns/nbc/ggc#pp002apetail_0&gt;</Path>
          <Path>?a/&lt;http://data.bibliotheek.nl/ns/nbc/ggc#pp001A_0&gt;</Path>
          <Path>?a/&lt;http://vocab.inf.ed.ac.uk/library/holdings#item&gt;</Path>
          <Path>?a/&lt;http://data.bibliotheek.nl/ns/nbc/ggc#pp003apetail_0&gt;</Path>
          <Path>?a/&lt;http://purl.org/dc/terms/identifier&gt;</Path>
          <Path>?a/&lt;http://purl.org/dc/terms/title&gt;</Path>
          <Path>?a/&lt;http://data.bibliotheek.nl/ns/nbc/ggc#pp028A_a&gt;</Path>
          <Path>?a/&lt;http://data.bibliotheek.nl/ns/nbc/ggc#pp028A_d&gt;</Path>
          <Path>?a/&lt;http://www.w3.org/2002/07/owl#sameAs&gt;</Path>
          <Path>?a/&lt;http://data.bibliotheek.nl/ns/nbc/ggc#pp032A_a&gt;</Path>
          <Path>?a/&lt;http://data.bibliotheek.nl/ns/nbc/ggc#pp028B_a&gt;</Path>
          <Path>?a/&lt;http://data.bibliotheek.nl/ns/nbc/ggc#pp028B_d&gt;</Path>
          <Path>?a/&lt;http://data.bibliotheek.nl/ns/nbc/ggc#pp028apetail_a&gt;</Path>
          <Path>?a/&lt;http://data.bibliotheek.nl/ns/nbc/ggc#pp028apetail_d&gt;</Path>
          <Path>?a/&lt;http://www.w3.org/2004/02/skos/core#altLabel&gt;</Path>
          <Path>?a/&lt;http://data.bibliotheek.nl/ns/nbc/ggc#pp028A_c&gt;</Path>
          <Path>?a/&lt;http://www.w3.org/2000/01/rdf-schema#label&gt;</Path>
          <Path>?a/&lt;http://data.bibliotheek.nl/ns/nbc/ggc#pp032B_a&gt;</Path>
          <Path>?a/&lt;http://data.bibliotheek.nl/ns/nbc/ggc#pp028B_c&gt;</Path>
          <Path>?a/&lt;http://data.bibliotheek.nl/ns/nbc/ggc#pp028apetail_c&gt;</Path>
          <Path>?a/&lt;http://data.bibliotheek.nl/ns/nbc/ggc#countryOfPublication&gt;</Path>
          <Path>?a/&lt;http://data.bibliotheek.nl/ns/nbc/ggc#pp019apetail_a&gt;</Path>
          <Path>?a/&lt;http://data.bibliotheek.nl/ns/nbc/ggc#pp032C_a&gt;</Path>
          <Path>?a/&lt;http://data.bibliotheek.nl/ns/nbc/ggc#pp013A_a&gt;</Path>
          <Path>?a/&lt;http://data.bibliotheek.nl/ns/nbc/ggc#pp028A_5&gt;</Path>
          <Path>?a/&lt;http://data.bibliotheek.nl/ns/nbc/ggc#pp038A_z&gt;</Path>
          <Path>?a/&lt;http://data.bibliotheek.nl/ns/nbc/ggc#pp028apetail_5&gt;</Path>
          <Path>?a/&lt;http://data.bibliotheek.nl/ns/nbc/ggc#pp038B_a&gt;</Path>
          <Path>?a/&lt;http://data.bibliotheek.nl/ns/nbc/ggc#pp038B_9&gt;</Path>
          <Path>?a/&lt;http://data.bibliotheek.nl/ns/nbc/ggc#pp038A_a&gt;</Path>
          <Path>?a/&lt;http://data.bibliotheek.nl/ns/nbc/ggc#pp038A_d&gt;</Path>
          <Path>?a/&lt;http://data.bibliotheek.nl/ns/nbc/ggc#pp038B_d&gt;</Path>
          <Path>?a/&lt;http://data.bibliotheek.nl/ns/nbc/ggc#pp028apetail_l&gt;</Path>
          <Path>?a/&lt;http://data.bibliotheek.nl/ns/nbc/ggc#pp028A_l&gt;</Path>
          <Path>?a/&lt;http://data.bibliotheek.nl/ns/nbc/ggc#pp038B_z&gt;</Path>
          <Path>?a/&lt;http://data.bibliotheek.nl/ns/nbc/ggc#pp028A_f&gt;</Path>
          <Path>?a/&lt;http://purl.org/dc/terms/description&gt;</Path>
          <Path>?a/&lt;http://data.bibliotheek.nl/ns/nbc/ggc#pp028A_e&gt;</Path>
          <Path>?a/&lt;http://data.bibliotheek.nl/ns/nbc/ggc#pp038A_9&gt;</Path>
          <Path>?a/&lt;http://data.bibliotheek.nl/ns/nbc/ggc#pp028apetail_e&gt;</Path>
          <Path>?a/&lt;http://data.bibliotheek.nl/ns/nbc/ggc#pp028apetail_f&gt;</Path>
          <Path>?a/&lt;http://data.bibliotheek.nl/ns/nbc/ggc#pp028A_U&gt;</Path>
          <Path>?a/&lt;http://data.bibliotheek.nl/ns/nbc/ggc#pp028B_f&gt;</Path>
          <Path>?a/&lt;http://data.bibliotheek.nl/ns/nbc/ggc#pp028apetail_U&gt;</Path>
          <Path>?a\&lt;http://purl.org/dc/terms/isFormatOf&gt;</Path>
          <Path>?a\&lt;http://vocab.inf.ed.ac.uk/library/holdings#item&gt;</Path>
          <Path>?a\&lt;http://purl.org/dc/terms/identifier&gt;</Path>
          <Path>?a\&lt;http://purl.org/dc/terms/creator&gt;</Path>
          <Path>?a\&lt;http://www.w3.org/ns/oa#hasTarget&gt;</Path>
          <Path>?a\&lt;http://purl.org/dc/terms/subject&gt;</Path>
          <Path>?a\&lt;http://purl.org/dc/terms/contributor&gt;</Path>
          <Path>?a\&lt;http://schema.org/actor&gt;</Path>
          <Path>?a\&lt;http://schema.org/director&gt;</Path>
          <Path>?a\&lt;http://purl.org/dc/terms/publisher&gt;</Path>
        </Paths>
      </EntityDescription>
    </Source>
    <Target>
      <EntityDescription>
        <Variable>b</Variable>
        <Restrictions>{ ?b a &lt;http://dbpedia.org/ontology/Person&gt;. ?b &lt;http://de.dbpedia.org/property/viaf&gt; ?viaf } .</Restrictions>
        <Paths>
          <Path>?b/&lt;http://de.dbpedia.org/property/viaf&gt;</Path>
          <Path>?b/&lt;http://dbpedia.org/ontology/wikiPageWikiLink&gt;</Path>
          <Path>?b/&lt;http://www.w3.org/1999/02/22-rdf-syntax-ns#type&gt;</Path>
          <Path>?b/&lt;http://purl.org/dc/terms/subject&gt;</Path>
          <Path>?b/&lt;http://www.w3.org/2002/07/owl#sameAs&gt;</Path>
          <Path>?b/&lt;http://de.dbpedia.org/property/wikiPageUsesTemplate&gt;</Path>
          <Path>?b/&lt;http://dbpedia.org/ontology/wikiPageExternalLink&gt;</Path>
          <Path>?b/&lt;http://dbpedia.org/ontology/birthPlace&gt;</Path>
          <Path>?b/&lt;http://de.dbpedia.org/property/geburtsort&gt;</Path>
          <Path>?b/&lt;http://de.dbpedia.org/property/name&gt;</Path>
          <Path>?b/&lt;http://xmlns.com/foaf/0.1/name&gt;</Path>
          <Path>?b/&lt;http://de.dbpedia.org/property/typ&gt;</Path>
          <Path>?b/&lt;http://dbpedia.org/ontology/wikiPageLength&gt;</Path>
          <Path>?b/&lt;http://xmlns.com/foaf/0.1/isPrimaryTopicOf&gt;</Path>
          <Path>?b/&lt;http://www.w3.org/2000/01/rdf-schema#label&gt;</Path>
          <Path>?b/&lt;http://dbpedia.org/ontology/wikiPageRevisionID&gt;</Path>
          <Path>?b/&lt;http://www.w3.org/ns/prov#wasDerivedFrom&gt;</Path>
          <Path>?b/&lt;http://dbpedia.org/ontology/wikiPageOutDegree&gt;</Path>
          <Path>?b/&lt;http://dbpedia.org/ontology/wikiPageID&gt;</Path>
          <Path>?b/&lt;http://de.dbpedia.org/property/kurzbeschreibung&gt;</Path>
          <Path>?b/&lt;http://purl.org/dc/elements/1.1/description&gt;</Path>
          <Path>?b/&lt;http://dbpedia.org/ontology/birthDate&gt;</Path>
          <Path>?b/&lt;http://de.dbpedia.org/property/geburtsdatum&gt;</Path>
          <Path>?b/&lt;http://xmlns.com/foaf/0.1/surname&gt;</Path>
          <Path>?b/&lt;http://xmlns.com/foaf/0.1/givenName&gt;</Path>
          <Path>?b/&lt;http://dbpedia.org/ontology/abstract&gt;</Path>
          <Path>?b/&lt;http://www.w3.org/2000/01/rdf-schema#comment&gt;</Path>
          <Path>?b/&lt;http://de.dbpedia.org/property/gnd&gt;</Path>
          <Path>?b/&lt;http://dbpedia.org/ontology/individualisedGnd&gt;</Path>
          <Path>?b/&lt;http://de.dbpedia.org/property/lccn&gt;</Path>
          <Path>?b/&lt;http://dbpedia.org/ontology/deathPlace&gt;</Path>
          <Path>?b/&lt;http://de.dbpedia.org/property/sterbedatum&gt;</Path>
          <Path>?b/&lt;http://dbpedia.org/ontology/deathDate&gt;</Path>
          <Path>?b/&lt;http://de.dbpedia.org/property/sterbeort&gt;</Path>
          <Path>?b/&lt;http://de.dbpedia.org/property/alternativnamen&gt;</Path>
          <Path>?b/&lt;http://xmlns.com/foaf/0.1/depiction&gt;</Path>
          <Path>?b/&lt;http://dbpedia.org/ontology/thumbnail&gt;</Path>
          <Path>?b/&lt;http://de.dbpedia.org/property/gndcheck&gt;</Path>
          <Path>?b/&lt;http://de.dbpedia.org/property/titel&gt;</Path>
          <Path>?b/&lt;http://de.dbpedia.org/property/zeit&gt;</Path>
          <Path>?b/&lt;http://de.dbpedia.org/property/gndfehlt&gt;</Path>
          <Path>?b/&lt;http://de.dbpedia.org/property/gndname&gt;</Path>
          <Path>?b/&lt;http://de.dbpedia.org/property/jahr&gt;</Path>
          <Path>?b/&lt;http://de.dbpedia.org/property/amt&gt;</Path>
          <Path>?b/&lt;http://de.dbpedia.org/property/nachfolger&gt;</Path>
          <Path>?b/&lt;http://de.dbpedia.org/property/vorgänger&gt;</Path>
          <Path>?b/&lt;http://de.dbpedia.org/property/autor&gt;</Path>
          <Path>?b/&lt;http://de.dbpedia.org/property/verlag&gt;</Path>
          <Path>?b/&lt;http://de.dbpedia.org/property/id&gt;</Path>
          <Path>?b/&lt;http://xmlns.com/foaf/0.1/homepage&gt;</Path>
          <Path>?b\&lt;http://dbpedia.org/ontology/wikiPageWikiLink&gt;</Path>
          <Path>?b\&lt;http://xmlns.com/foaf/0.1/primaryTopic&gt;</Path>
          <Path>?b\&lt;http://dbpedia.org/ontology/wikiPageRedirects&gt;</Path>
          <Path>?b\&lt;http://dbpedia.org/ontology/wikiPageDisambiguates&gt;</Path>
          <Path>?b\&lt;http://dbpedia.org/ontology/starring&gt;</Path>
          <Path>?b\&lt;http://dbpedia.org/ontology/writer&gt;</Path>
          <Path>?b\&lt;http://dbpedia.org/ontology/director&gt;</Path>
          <Path>?b\&lt;http://dbpedia.org/ontology/producer&gt;</Path>
          <Path>?b\&lt;http://de.dbpedia.org/property/autor&gt;</Path>
          <Path>?b\&lt;http://de.dbpedia.org/property/reg&gt;</Path>
        </Paths>
      </EntityDescription>
    </Target>
  </EntityDescriptions>
  <PositiveEntities> </PositiveEntities>
  <NegativeEntities> </NegativeEntities>
</Cache>
