<Pair>
  <Source>
    <EntityDescription>
      <Variable>a</Variable>
      <Restrictions>{ ?a a &lt;http://dbpedia.org/ontology/Person&gt; } .</Restrictions>
      <Paths>
        <Path>?a/&lt;http://www.w3.org/2000/01/rdf-schema#label&gt;</Path>
      </Paths>
    </EntityDescription>
  </Source>
  <Target>
    <EntityDescription>
      <Variable>b</Variable>
      <Restrictions>{ ?b a &lt;http://dbpedia.org/ontology/Person&gt; } .</Restrictions>
      <Paths>
        <Path>?b/&lt;http://purl.org/dc/terms/title&gt;</Path>
      </Paths>
    </EntityDescription>
  </Target>
</Pair>
