<Cache>
  <EntityDescriptions>
    <Source>
      <EntityDescription>
        <Variable>a</Variable>
        <Restrictions>{ ?a a &lt;http://www.gutenberg.org/2009/pgterms/ebook&gt; } .</Restrictions>
        <Paths>
          <Path>?a/&lt;http://purl.org/dc/terms/title&gt;</Path>
          <Path>?a/&lt;http://purl.org/dc/terms/hasFormat&gt;</Path>
          <Path>?a/&lt;http://purl.org/dc/terms/subject&gt;</Path>
          <Path>?a/&lt;http://purl.org/dc/terms/creator&gt;</Path>
          <Path>?a/&lt;http://purl.org/dc/terms/language&gt;</Path>
          <Path>?a/&lt;http://purl.org/dc/terms/type&gt;</Path>
          <Path>?a/&lt;http://www.w3.org/1999/02/22-rdf-syntax-ns#type&gt;</Path>
          <Path>?a/&lt;http://purl.org/dc/terms/issued&gt;</Path>
          <Path>?a/&lt;http://purl.org/dc/terms/publisher&gt;</Path>
          <Path>?a/&lt;http://purl.org/dc/terms/rights&gt;</Path>
          <Path>?a/&lt;http://purl.org/dc/terms/license&gt;</Path>
          <Path>?a/&lt;http://www.gutenberg.org/2009/pgterms/downloads&gt;</Path>
          <Path>?a/&lt;http://www.gutenberg.org/2009/pgterms/marc901&gt;</Path>
          <Path>?a/&lt;http://id.loc.gov/vocabulary/relators/ill&gt;</Path>
          <Path>?a/&lt;http://id.loc.gov/vocabulary/relators/edt&gt;</Path>
          <Path>?a/&lt;http://id.loc.gov/vocabulary/relators/trl&gt;</Path>
          <Path>?a/&lt;http://purl.org/dc/terms/tableOfContents&gt;</Path>
          <Path>?a/&lt;http://www.gutenberg.org/2009/pgterms/marc010&gt;</Path>
          <Path>?a/&lt;http://purl.org/dc/terms/alternative&gt;</Path>
          <Path>?a/&lt;http://purl.org/dc/terms/description&gt;</Path>
          <Path>?a/&lt;http://id.loc.gov/vocabulary/relators/ctb&gt;</Path>
          <Path>?a/&lt;http://id.loc.gov/vocabulary/relators/cmm&gt;</Path>
          <Path>?a/&lt;http://www.gutenberg.org/2009/pgterms/marc260&gt;</Path>
          <Path>?a/&lt;http://id.loc.gov/vocabulary/relators/aui&gt;</Path>
          <Path>?a/&lt;http://www.gutenberg.org/2009/pgterms/marc440&gt;</Path>
          <Path>?a/&lt;http://id.loc.gov/vocabulary/relators/com&gt;</Path>
          <Path>?a/&lt;http://www.gutenberg.org/2009/pgterms/marc508&gt;</Path>
          <Path>?a/&lt;http://www.gutenberg.org/2009/pgterms/marc546&gt;</Path>
          <Path>?a/&lt;http://id.loc.gov/vocabulary/relators/prf&gt;</Path>
          <Path>?a/&lt;http://id.loc.gov/vocabulary/relators/ann&gt;</Path>
          <Path>?a/&lt;http://id.loc.gov/vocabulary/relators/cmp&gt;</Path>
          <Path>?a/&lt;http://www.gutenberg.org/2009/pgterms/marc250&gt;</Path>
          <Path>?a/&lt;http://id.loc.gov/vocabulary/relators/oth&gt;</Path>
          <Path>?a/&lt;http://id.loc.gov/vocabulary/relators/egr&gt;</Path>
          <Path>?a/&lt;http://id.loc.gov/vocabulary/relators/adp&gt;</Path>
          <Path>?a/&lt;http://id.loc.gov/vocabulary/relators/dub&gt;</Path>
          <Path>?a/&lt;http://id.loc.gov/vocabulary/relators/unk&gt;</Path>
          <Path>?a/&lt;http://www.gutenberg.org/2009/pgterms/marc902&gt;</Path>
          <Path>?a/&lt;http://id.loc.gov/vocabulary/relators/arr&gt;</Path>
          <Path>?a/&lt;http://id.loc.gov/vocabulary/relators/pbl&gt;</Path>
          <Path>?a/&lt;http://www.gutenberg.org/2009/pgterms/marc520&gt;</Path>
          <Path>?a/&lt;http://id.loc.gov/vocabulary/relators/pht&gt;</Path>
          <Path>?a/&lt;http://www.gutenberg.org/2009/pgterms/marc300&gt;</Path>
          <Path>?a/&lt;http://id.loc.gov/vocabulary/relators/lbt&gt;</Path>
          <Path>?a/&lt;http://id.loc.gov/vocabulary/relators/cnd&gt;</Path>
          <Path>?a/&lt;http://www.gutenberg.org/2009/pgterms/marc903&gt;</Path>
          <Path>?a/&lt;http://id.loc.gov/vocabulary/relators/art&gt;</Path>
          <Path>?a/&lt;http://id.loc.gov/vocabulary/relators/prt&gt;</Path>
          <Path>?a/&lt;http://id.loc.gov/vocabulary/relators/aft&gt;</Path>
          <Path>?a/&lt;http://id.loc.gov/vocabulary/relators/trc&gt;</Path>
          <Path>?a\&lt;http://purl.org/dc/terms/isFormatOf&gt;</Path>
        </Paths>
      </EntityDescription>
    </Source>
    <Target>
      <EntityDescription>
        <Variable>b</Variable>
        <Restrictions>{ ?b a &lt;http://dbpedia.org/ontology/Book&gt; } .</Restrictions>
        <Paths>
          <Path>?b/&lt;http://purl.org/dc/terms/title&gt;</Path>
          <Path>?b/&lt;http://purl.org/dc/terms/subject&gt;</Path>
          <Path>?b/&lt;http://purl.org/dc/terms/format&gt;</Path>
          <Path>?b/&lt;http://purl.org/dc/terms/identifier&gt;</Path>
          <Path>?b/&lt;http://data.bibliotheek.nl/ns/nbc/ggc#pp010apetail_a&gt;</Path>
          <Path>?b/&lt;http://purl.org/dc/terms/language&gt;</Path>
          <Path>?b/&lt;http://data.bibliotheek.nl/ns/nbc/ggc#pp033A_p&gt;</Path>
          <Path>?b/&lt;http://data.bibliotheek.nl/ns/nbc/ggc#pp021A_a&gt;</Path>
          <Path>?b/&lt;http://data.bibliotheek.nl/ns/nbc/ggc#pp002C_a&gt;</Path>
          <Path>?b/&lt;http://data.bibliotheek.nl/ns/nbc/ggc#pp002C_b&gt;</Path>
          <Path>?b/&lt;http://data.bibliotheek.nl/ns/nbc/ggc#pp002D_a&gt;</Path>
          <Path>?b/&lt;http://data.bibliotheek.nl/ns/nbc/ggc#pp002D_b&gt;</Path>
          <Path>?b/&lt;http://vocab.inf.ed.ac.uk/library/holdings#item&gt;</Path>
          <Path>?b/&lt;http://data.bibliotheek.nl/ns/nbc/ggc#pp001A_0&gt;</Path>
          <Path>?b/&lt;http://data.bibliotheek.nl/ns/nbc/ggc#pp001B_0&gt;</Path>
          <Path>?b/&lt;http://data.bibliotheek.nl/ns/nbc/ggc#pp001B_t&gt;</Path>
          <Path>?b/&lt;http://data.bibliotheek.nl/ns/nbc/ggc#pp003apetail_0&gt;</Path>
          <Path>?b/&lt;http://www.w3.org/1999/02/22-rdf-syntax-ns#type&gt;</Path>
          <Path>?b/&lt;http://data.bibliotheek.nl/ns/nbc/ggc#pp002apetail_0&gt;</Path>
          <Path>?b/&lt;http://data.bibliotheek.nl/ns/nbc/ggc#pp002E_b&gt;</Path>
          <Path>?b/&lt;http://data.bibliotheek.nl/ns/nbc/ggc#pp002E_a&gt;</Path>
          <Path>?b/&lt;http://data.bibliotheek.nl/ns/nbc/ggc#pp001D_0&gt;</Path>
          <Path>?b/&lt;http://purl.org/dc/terms/date&gt;</Path>
          <Path>?b/&lt;http://data.bibliotheek.nl/ns/nbc/ggc#pp011apetail_a&gt;</Path>
          <Path>?b/&lt;http://purl.org/dc/terms/medium&gt;</Path>
          <Path>?b/&lt;http://data.bibliotheek.nl/ns/nbc/ggc#pp002D_2&gt;</Path>
          <Path>?b/&lt;http://data.bibliotheek.nl/ns/nbc/ggc#pp002C_2&gt;</Path>
          <Path>?b/&lt;http://data.bibliotheek.nl/ns/nbc/ggc#pp002E_2&gt;</Path>
          <Path>?b/&lt;http://data.bibliotheek.nl/ns/nbc/ggc#pp001apetail_0&gt;</Path>
          <Path>?b/&lt;http://data.bibliotheek.nl/ns/nbc/ggc#pp034I_a&gt;</Path>
          <Path>?b/&lt;http://data.bibliotheek.nl/ns/nbc/ggc#countryOfPublication&gt;</Path>
          <Path>?b/&lt;http://data.bibliotheek.nl/ns/nbc/ggc#pp019apetail_a&gt;</Path>
          <Path>?b/&lt;http://purl.org/dc/terms/extent&gt;</Path>
          <Path>?b/&lt;http://data.bibliotheek.nl/ns/nbc/ggc#pp034D_a&gt;</Path>
          <Path>?b/&lt;http://purl.org/dc/terms/creator&gt;</Path>
          <Path>?b/&lt;http://data.bibliotheek.nl/ns/nbc/ggc#pp033A_n&gt;</Path>
          <Path>?b/&lt;http://purl.org/dc/terms/publisher&gt;</Path>
          <Path>?b/&lt;http://data.bibliotheek.nl/ns/nbc/ggc#pp021A_h&gt;</Path>
          <Path>?b/&lt;http://www.w3.org/2004/02/skos/core#note&gt;</Path>
          <Path>?b/&lt;http://data.bibliotheek.nl/ns/nbc/ggc#pp028A_d&gt;</Path>
          <Path>?b/&lt;http://data.bibliotheek.nl/ns/nbc/ggc#pp028A_a&gt;</Path>
          <Path>?b/&lt;http://data.bibliotheek.nl/ns/nbc/ggc#pp044A_a&gt;</Path>
          <Path>?b/&lt;http://data.bibliotheek.nl/ns/nbc/ggc#pp028A_9&gt;</Path>
          <Path>?b/&lt;http://data.bibliotheek.nl/ns/nbc/ggc#pp034M_a&gt;</Path>
          <Path>?b/&lt;http://data.bibliotheek.nl/ns/nbc/ggc#pp028C_d&gt;</Path>
          <Path>?b/&lt;http://data.bibliotheek.nl/ns/nbc/ggc#pp044K_9&gt;</Path>
          <Path>?b/&lt;http://data.bibliotheek.nl/ns/nbc/ggc#pp044K_a&gt;</Path>
          <Path>?b/&lt;http://data.bibliotheek.nl/ns/nbc/ggc#pp028C_a&gt;</Path>
          <Path>?b/&lt;http://purl.org/dc/terms/contributor&gt;</Path>
          <Path>?b/&lt;http://purl.org/ontology/bibo/isbn&gt;</Path>
          <Path>?b\&lt;http://vocab.inf.ed.ac.uk/library/holdings#item&gt;</Path>
          <Path>?b\&lt;http://purl.org/dc/terms/identifier&gt;</Path>
          <Path>?b\&lt;http://purl.org/dc/terms/isFormatOf&gt;</Path>
        </Paths>
      </EntityDescription>
    </Target>
  </EntityDescriptions>
  <PositiveEntities> </PositiveEntities>
  <NegativeEntities> </NegativeEntities>
</Cache>
