<Cache>
  <EntityDescriptions>
    <Source>
      <EntityDescription>
        <Variable>a</Variable>
        <Restrictions>{ ?a a &lt;http://dbpedia.org/ontology/Person&gt; . ?a &lt;http://dbpedia.org/ontology/viafId&gt; ?id} .</Restrictions>
        <Paths>
          <Path>?a/&lt;http://dbpedia.org/ontology/viafId&gt;</Path>
          <Path>?a/&lt;http://www.w3.org/2002/07/owl#sameAs&gt;</Path>
          <Path>?a/&lt;http://data.bibliotheek.nl/ns/nbc/ggc#pp001B_t&gt;</Path>
          <Path>?a/&lt;http://data.bibliotheek.nl/ns/nbc/ggc#pp001B_0&gt;</Path>
          <Path>?a/&lt;http://data.bibliotheek.nl/ns/nbc/ggc#pp001D_0&gt;</Path>
          <Path>?a/&lt;http://data.bibliotheek.nl/ns/nbc/ggc#pp002apetail_0&gt;</Path>
          <Path>?a/&lt;http://data.bibliotheek.nl/ns/nbc/ggc#pp001A_0&gt;</Path>
          <Path>?a/&lt;http://www.w3.org/1999/02/22-rdf-syntax-ns#type&gt;</Path>
          <Path>?a/&lt;http://vocab.inf.ed.ac.uk/library/holdings#item&gt;</Path>
          <Path>?a/&lt;http://data.bibliotheek.nl/ns/nbc/ggc#pp003apetail_0&gt;</Path>
          <Path>?a/&lt;http://purl.org/dc/terms/identifier&gt;</Path>
          <Path>?a/&lt;http://purl.org/dc/terms/title&gt;</Path>
          <Path>?a/&lt;http://xmlns.com/foaf/0.1/name&gt;</Path>
          <Path>?a/&lt;http://data.bibliotheek.nl/ns/nbc/ggc#pp028A_a&gt;</Path>
          <Path>?a/&lt;http://data.bibliotheek.nl/ns/nbc/ggc#pp028A_d&gt;</Path>
          <Path>?a/&lt;http://data.bibliotheek.nl/ns/nbc/ggc#pp032A_a&gt;</Path>
          <Path>?a/&lt;http://data.bibliotheek.nl/ns/nbc/ggc#pp028apetail_a&gt;</Path>
          <Path>?a/&lt;http://data.bibliotheek.nl/ns/nbc/ggc#pp028B_a&gt;</Path>
          <Path>?a/&lt;http://data.bibliotheek.nl/ns/nbc/ggc#pp028B_d&gt;</Path>
          <Path>?a/&lt;http://data.bibliotheek.nl/ns/nbc/ggc#pp028apetail_d&gt;</Path>
          <Path>?a/&lt;http://www.w3.org/2004/02/skos/core#altLabel&gt;</Path>
          <Path>?a/&lt;http://data.bibliotheek.nl/ns/nbc/ggc#pp028A_c&gt;</Path>
          <Path>?a/&lt;http://data.bibliotheek.nl/ns/nbc/ggc#pp032B_a&gt;</Path>
          <Path>?a/&lt;http://data.bibliotheek.nl/ns/nbc/ggc#pp028apetail_c&gt;</Path>
          <Path>?a/&lt;http://data.bibliotheek.nl/ns/nbc/ggc#countryOfPublication&gt;</Path>
          <Path>?a/&lt;http://data.bibliotheek.nl/ns/nbc/ggc#pp019apetail_a&gt;</Path>
          <Path>?a/&lt;http://data.bibliotheek.nl/ns/nbc/ggc#pp028B_c&gt;</Path>
          <Path>?a/&lt;http://data.bibliotheek.nl/ns/nbc/ggc#pp013A_a&gt;</Path>
          <Path>?a/&lt;http://data.bibliotheek.nl/ns/nbc/ggc#pp032C_a&gt;</Path>
          <Path>?a/&lt;http://data.bibliotheek.nl/ns/nbc/ggc#pp028apetail_5&gt;</Path>
          <Path>?a/&lt;http://data.bibliotheek.nl/ns/nbc/ggc#pp028A_5&gt;</Path>
          <Path>?a/&lt;http://data.bibliotheek.nl/ns/nbc/ggc#pp038B_a&gt;</Path>
          <Path>?a/&lt;http://data.bibliotheek.nl/ns/nbc/ggc#pp028apetail_l&gt;</Path>
          <Path>?a/&lt;http://data.bibliotheek.nl/ns/nbc/ggc#pp038A_z&gt;</Path>
          <Path>?a/&lt;http://data.bibliotheek.nl/ns/nbc/ggc#pp038B_9&gt;</Path>
          <Path>?a/&lt;http://data.bibliotheek.nl/ns/nbc/ggc#pp038B_d&gt;</Path>
          <Path>?a/&lt;http://data.bibliotheek.nl/ns/nbc/ggc#pp038A_a&gt;</Path>
          <Path>?a/&lt;http://data.bibliotheek.nl/ns/nbc/ggc#pp038A_d&gt;</Path>
          <Path>?a/&lt;http://data.bibliotheek.nl/ns/nbc/ggc#pp028A_l&gt;</Path>
          <Path>?a/&lt;http://data.bibliotheek.nl/ns/nbc/ggc#pp038B_z&gt;</Path>
          <Path>?a/&lt;http://data.bibliotheek.nl/ns/nbc/ggc#pp028A_U&gt;</Path>
          <Path>?a/&lt;http://data.bibliotheek.nl/ns/nbc/ggc#pp028A_f&gt;</Path>
          <Path>?a/&lt;http://data.bibliotheek.nl/ns/nbc/ggc#pp028apetail_e&gt;</Path>
          <Path>?a/&lt;http://data.bibliotheek.nl/ns/nbc/ggc#pp028apetail_U&gt;</Path>
          <Path>?a/&lt;http://data.bibliotheek.nl/ns/nbc/ggc#pp032A_U&gt;</Path>
          <Path>?a/&lt;http://data.bibliotheek.nl/ns/nbc/ggc#pp028apetail_f&gt;</Path>
          <Path>?a/&lt;http://data.bibliotheek.nl/ns/nbc/ggc#pp038A_9&gt;</Path>
          <Path>?a/&lt;http://data.bibliotheek.nl/ns/nbc/ggc#pp028A_e&gt;</Path>
          <Path>?a/&lt;http://data.bibliotheek.nl/ns/nbc/ggc#pp028B_U&gt;</Path>
          <Path>?a/&lt;http://data.bibliotheek.nl/ns/nbc/ggc#pp028apetail_T&gt;</Path>
          <Path>?a\&lt;http://purl.org/dc/terms/isFormatOf&gt;</Path>
          <Path>?a\&lt;http://vocab.inf.ed.ac.uk/library/holdings#item&gt;</Path>
          <Path>?a\&lt;http://purl.org/dc/terms/identifier&gt;</Path>
          <Path>?a\&lt;http://purl.org/dc/terms/subject&gt;</Path>
          <Path>?a\&lt;http://purl.org/dc/terms/creator&gt;</Path>
          <Path>?a\&lt;http://purl.org/dc/terms/contributor&gt;</Path>
          <Path>?a\&lt;http://purl.org/dc/terms/isPartOf&gt;</Path>
        </Paths>
      </EntityDescription>
    </Source>
    <Target>
      <EntityDescription>
        <Variable>b</Variable>
        <Restrictions>{ ?b a &lt;http://dbpedia.org/ontology/Person&gt; . ?b &lt;http://dbpedia.org/ontology/viafId&gt; ?id2} .</Restrictions>
        <Paths>
          <Path>?b/&lt;http://dbpedia.org/ontology/viafId&gt;</Path>
          <Path>?b/&lt;http://www.w3.org/1999/02/22-rdf-syntax-ns#type&gt;</Path>
          <Path>?b/&lt;http://purl.org/dc/terms/subject&gt;</Path>
          <Path>?b/&lt;http://www.w3.org/2002/07/owl#sameAs&gt;</Path>
          <Path>?b/&lt;http://www.w3.org/2000/01/rdf-schema#label&gt;</Path>
          <Path>?b/&lt;http://dbpedia.org/ontology/abstract&gt;</Path>
          <Path>?b/&lt;http://www.w3.org/2000/01/rdf-schema#comment&gt;</Path>
          <Path>?b/&lt;http://dbpedia.org/ontology/wikiPageExternalLink&gt;</Path>
          <Path>?b/&lt;http://xmlns.com/foaf/0.1/name&gt;</Path>
          <Path>?b/&lt;http://purl.org/dc/elements/1.1/description&gt;</Path>
          <Path>?b/&lt;http://dbpedia.org/property/name&gt;</Path>
          <Path>?b/&lt;http://dbpedia.org/ontology/wikiPageID&gt;</Path>
          <Path>?b/&lt;http://dbpedia.org/ontology/wikiPageRevisionID&gt;</Path>
          <Path>?b/&lt;http://xmlns.com/foaf/0.1/isPrimaryTopicOf&gt;</Path>
          <Path>?b/&lt;http://www.w3.org/ns/prov#wasDerivedFrom&gt;</Path>
          <Path>?b/&lt;http://xmlns.com/foaf/0.1/givenName&gt;</Path>
          <Path>?b/&lt;http://dbpedia.org/property/hasPhotoCollection&gt;</Path>
          <Path>?b/&lt;http://dbpedia.org/ontology/birthDate&gt;</Path>
          <Path>?b/&lt;http://dbpedia.org/ontology/birthYear&gt;</Path>
          <Path>?b/&lt;http://dbpedia.org/property/dateOfBirth&gt;</Path>
          <Path>?b/&lt;http://xmlns.com/foaf/0.1/surname&gt;</Path>
          <Path>?b/&lt;http://dbpedia.org/property/shortDescription&gt;</Path>
          <Path>?b/&lt;http://dbpedia.org/ontology/birthPlace&gt;</Path>
          <Path>?b/&lt;http://dbpedia.org/property/placeOfBirth&gt;</Path>
          <Path>?b/&lt;http://dbpedia.org/property/birthPlace&gt;</Path>
          <Path>?b/&lt;http://dbpedia.org/ontology/deathDate&gt;</Path>
          <Path>?b/&lt;http://dbpedia.org/ontology/deathYear&gt;</Path>
          <Path>?b/&lt;http://dbpedia.org/property/dateOfDeath&gt;</Path>
          <Path>?b/&lt;http://dbpedia.org/property/birthDate&gt;</Path>
          <Path>?b/&lt;http://xmlns.com/foaf/0.1/depiction&gt;</Path>
          <Path>?b/&lt;http://dbpedia.org/ontology/thumbnail&gt;</Path>
          <Path>?b/&lt;http://dbpedia.org/ontology/deathPlace&gt;</Path>
          <Path>?b/&lt;http://dbpedia.org/ontology/occupation&gt;</Path>
          <Path>?b/&lt;http://dbpedia.org/property/placeOfDeath&gt;</Path>
          <Path>?b/&lt;http://dbpedia.org/property/occupation&gt;</Path>
          <Path>?b/&lt;http://dbpedia.org/property/deathPlace&gt;</Path>
          <Path>?b/&lt;http://dbpedia.org/property/title&gt;</Path>
          <Path>?b/&lt;http://dbpedia.org/property/years&gt;</Path>
          <Path>?b/&lt;http://dbpedia.org/property/deathDate&gt;</Path>
          <Path>?b/&lt;http://dbpedia.org/property/after&gt;</Path>
          <Path>?b/&lt;http://dbpedia.org/property/before&gt;</Path>
          <Path>?b/&lt;http://dbpedia.org/property/caption&gt;</Path>
          <Path>?b/&lt;http://dbpedia.org/property/wordnet_type&gt;</Path>
          <Path>?b/&lt;http://dbpedia.org/property/genre&gt;</Path>
          <Path>?b/&lt;http://dbpedia.org/ontology/genre&gt;</Path>
          <Path>?b/&lt;http://dbpedia.org/property/nationality&gt;</Path>
          <Path>?b/&lt;http://dbpedia.org/property/spouse&gt;</Path>
          <Path>?b/&lt;http://xmlns.com/foaf/0.1/homepage&gt;</Path>
          <Path>?b/&lt;http://dbpedia.org/ontology/activeYearsStartYear&gt;</Path>
          <Path>?b/&lt;http://dbpedia.org/property/termStart&gt;</Path>
          <Path>?b\&lt;http://www.w3.org/2002/07/owl#sameAs&gt;</Path>
          <Path>?b\&lt;http://dbpedia.org/ontology/wikiPageRedirects&gt;</Path>
          <Path>?b\&lt;http://xmlns.com/foaf/0.1/primaryTopic&gt;</Path>
          <Path>?b\&lt;http://dbpedia.org/ontology/starring&gt;</Path>
          <Path>?b\&lt;http://dbpedia.org/property/starring&gt;</Path>
          <Path>?b\&lt;http://dbpedia.org/ontology/wikiPageDisambiguates&gt;</Path>
          <Path>?b\&lt;http://dbpedia.org/ontology/producer&gt;</Path>
          <Path>?b\&lt;http://dbpedia.org/ontology/writer&gt;</Path>
          <Path>?b\&lt;http://dbpedia.org/property/writer&gt;</Path>
          <Path>?b\&lt;http://dbpedia.org/property/producer&gt;</Path>
        </Paths>
      </EntityDescription>
    </Target>
  </EntityDescriptions>
  <PositiveEntities> </PositiveEntities>
  <NegativeEntities> </NegativeEntities>
</Cache>
