<Cache>
  <EntityDescriptions>
    <Source>
      <EntityDescription>
        <Variable>a</Variable>
        <Restrictions>?a ?p ?o .</Restrictions>
        <Paths>
          <Path>?a/&lt;http://data.bibliotheek.nl/ns/isbn&gt;</Path>
          <Path>?a/&lt;http://purl.org/ontology/bibo/isbn&gt;</Path>
          <Path>?a/&lt;http://purl.org/dc/terms/medium&gt;</Path>
          <Path>?a/&lt;http://purl.org/dc/terms/identifier&gt;</Path>
          <Path>?a/&lt;http://purl.org/dc/terms/subject&gt;</Path>
          <Path>?a/&lt;http://www.w3.org/1999/02/22-rdf-syntax-ns#type&gt;</Path>
          <Path>?a/&lt;http://purl.org/dc/terms/isFormatOf&gt;</Path>
          <Path>?a/&lt;http://www.w3.org/2000/01/rdf-schema#label&gt;</Path>
          <Path>?a/&lt;http://purl.org/dc/terms/title&gt;</Path>
          <Path>?a/&lt;http://purl.org/dc/terms/format&gt;</Path>
          <Path>?a/&lt;http://vocab.inf.ed.ac.uk/library/holdings#item&gt;</Path>
          <Path>?a/&lt;http://data.bibliotheek.nl/ns/nbc/ggc#pp001B_t&gt;</Path>
          <Path>?a/&lt;http://data.bibliotheek.nl/ns/nbc/ggc#pp001B_0&gt;</Path>
          <Path>?a/&lt;http://data.bibliotheek.nl/ns/nbc/ggc#pp002apetail_0&gt;</Path>
          <Path>?a/&lt;http://data.bibliotheek.nl/ns/nbc/ggc#pp001D_0&gt;</Path>
          <Path>?a/&lt;http://data.bibliotheek.nl/ns/nbc/ggc#pp001A_0&gt;</Path>
          <Path>?a/&lt;http://data.bibliotheek.nl/ns/nbc/ggc#pp003apetail_0&gt;</Path>
          <Path>?a/&lt;http://data.bibliotheek.nl/CDR/track&gt;</Path>
          <Path>?a/&lt;http://data.bibliotheek.nl/ns/nbc/ggc#pp002E_b&gt;</Path>
          <Path>?a/&lt;http://data.bibliotheek.nl/ns/nbc/ggc#pp002E_2&gt;</Path>
          <Path>?a/&lt;http://data.bibliotheek.nl/ns/nbc/ggc#pp002E_a&gt;</Path>
          <Path>?a/&lt;http://purl.org/dc/terms/creator&gt;</Path>
          <Path>?a/&lt;http://purl.org/dc/terms/date&gt;</Path>
          <Path>?a/&lt;http://data.bibliotheek.nl/ns/nbc/ggc#pp021A_a&gt;</Path>
          <Path>?a/&lt;http://data.bibliotheek.nl/ns/nbc/ggc#pp011apetail_a&gt;</Path>
          <Path>?a/&lt;http://purl.org/dc/terms/language&gt;</Path>
          <Path>?a/&lt;http://data.bibliotheek.nl/ns/nbc/ggc#pp028A_d&gt;</Path>
          <Path>?a/&lt;http://data.bibliotheek.nl/ns/nbc/ggc#pp001apetail_0&gt;</Path>
          <Path>?a/&lt;http://purl.org/dc/terms/extent&gt;</Path>
          <Path>?a/&lt;http://data.bibliotheek.nl/ns/nbc/ggc#pp002D_a&gt;</Path>
          <Path>?a/&lt;http://data.bibliotheek.nl/ns/nbc/ggc#pp002D_b&gt;</Path>
          <Path>?a/&lt;http://data.bibliotheek.nl/ns/nbc/ggc#pp002D_2&gt;</Path>
          <Path>?a/&lt;http://data.bibliotheek.nl/ns/nbc/ggc#pp002C_a&gt;</Path>
          <Path>?a/&lt;http://data.bibliotheek.nl/ns/nbc/ggc#pp002C_b&gt;</Path>
          <Path>?a/&lt;http://data.bibliotheek.nl/ns/nbc/ggc#pp002C_2&gt;</Path>
          <Path>?a/&lt;http://data.bibliotheek.nl/ns/nbc/ggc#pp028A_a&gt;</Path>
          <Path>?a/&lt;http://data.bibliotheek.nl/ns/nbc/ggc#pp010apetail_a&gt;</Path>
          <Path>?a/&lt;http://data.bibliotheek.nl/ns/nbc/ggc#pp033A_p&gt;</Path>
          <Path>?a/&lt;http://data.bibliotheek.nl/ns/nbc/ggc#pp033A_n&gt;</Path>
          <Path>?a/&lt;http://data.bibliotheek.nl/ns/nbc/ggc#pp034D_a&gt;</Path>
          <Path>?a/&lt;http://data.bibliotheek.nl/ns/nbc/ggc#countryOfPublication&gt;</Path>
          <Path>?a/&lt;http://data.bibliotheek.nl/ns/nbc/ggc#pp019apetail_a&gt;</Path>
          <Path>?a/&lt;http://data.bibliotheek.nl/ns/nbc/ggc#pp021A_h&gt;</Path>
          <Path>?a/&lt;http://data.bibliotheek.nl/ns/nbc/ggc#pp034I_a&gt;</Path>
          <Path>?a/&lt;http://www.w3.org/2004/02/skos/core#note&gt;</Path>
          <Path>?a/&lt;http://purl.org/dc/terms/publisher&gt;</Path>
          <Path>?a/&lt;http://data.bibliotheek.nl/ns/nbc/ggc#pp028A_9&gt;</Path>
          <Path>?a/&lt;http://data.bibliotheek.nl/ns/nbc/ggc#pp028C_d&gt;</Path>
          <Path>?a/&lt;http://data.bibliotheek.nl/ns/nbc/ggc#pp028C_a&gt;</Path>
          <Path>?a/&lt;http://purl.org/dc/terms/contributor&gt;</Path>
          <Path>?a/&lt;http://purl.org/dc/elements/1.1/type&gt;</Path>
          <Path>?a/&lt;http://www.w3.org/2002/07/owl#sameAs&gt;</Path>
          <Path>?a\&lt;http://www.w3.org/1999/02/22-rdf-syntax-ns#type&gt;</Path>
          <Path>?a\&lt;http://purl.org/dc/terms/identifier&gt;</Path>
          <Path>?a\&lt;http://vocab.inf.ed.ac.uk/library/holdings#item&gt;</Path>
          <Path>?a\&lt;http://www.w3.org/2002/07/owl#sameAs&gt;</Path>
          <Path>?a\&lt;http://purl.org/dc/terms/isFormatOf&gt;</Path>
          <Path>?a\&lt;http://www.w3.org/2004/02/skos/core#related&gt;</Path>
          <Path>?a\&lt;http://www.w3.org/2004/02/skos/core#broader&gt;</Path>
          <Path>?a\&lt;http://www.w3.org/2000/01/rdf-schema#subPropertyOf&gt;</Path>
          <Path>?a\&lt;http://www.w3.org/2002/07/owl#propertyDisjointWith&gt;</Path>
          <Path>?a\&lt;http://www.w3.org/2000/01/rdf-schema#subClassOf&gt;</Path>
        </Paths>
      </EntityDescription>
    </Source>
    <Target>
      <EntityDescription>
        <Variable>b</Variable>
        <Restrictions>?b &lt;http://www.w3.org/1999/02/22-rdf-syntax-ns#type&gt; &lt;http://www.wikidata.org/entity/Q571&gt; .</Restrictions>
        <Paths>
          <Path>?b/&lt;http://www.wikidata.org/entity/P957c&gt;</Path>
          <Path>?b/&lt;http://www.wikidata.org/entity/P212c&gt;</Path>
          <Path>?b/&lt;http://www.w3.org/2000/01/rdf-schema#label&gt;</Path>
          <Path>?b/&lt;http://www.w3.org/1999/02/22-rdf-syntax-ns#type&gt;</Path>
          <Path>?b/&lt;http://schema.org/description&gt;</Path>
          <Path>?b/&lt;http://www.wikidata.org/entity/P31s&gt;</Path>
          <Path>?b/&lt;http://www.wikidata.org/entity/P31c&gt;</Path>
          <Path>?b/&lt;http://www.wikidata.org/entity/P50s&gt;</Path>
          <Path>?b/&lt;http://www.wikidata.org/entity/P50c&gt;</Path>
          <Path>?b/&lt;http://www.w3.org/2004/02/skos/core#altLabel&gt;</Path>
          <Path>?b/&lt;http://www.wikidata.org/entity/P136s&gt;</Path>
          <Path>?b/&lt;http://www.wikidata.org/entity/P136c&gt;</Path>
          <Path>?b/&lt;http://www.wikidata.org/entity/P364s&gt;</Path>
          <Path>?b/&lt;http://www.wikidata.org/entity/P364c&gt;</Path>
          <Path>?b/&lt;http://www.wikidata.org/entity/P123s&gt;</Path>
          <Path>?b/&lt;http://www.wikidata.org/entity/P123c&gt;</Path>
          <Path>?b/&lt;http://www.wikidata.org/entity/P243s&gt;</Path>
          <Path>?b/&lt;http://www.wikidata.org/entity/P243-oclc&gt;</Path>
          <Path>?b/&lt;http://www.wikidata.org/entity/P243c&gt;</Path>
          <Path>?b/&lt;http://www.wikidata.org/entity/P957s&gt;</Path>
          <Path>?b/&lt;http://www.wikidata.org/entity/P212s&gt;</Path>
          <Path>?b/&lt;http://www.wikidata.org/entity/P156s&gt;</Path>
          <Path>?b/&lt;http://www.wikidata.org/entity/P156c&gt;</Path>
          <Path>?b/&lt;http://www.wikidata.org/entity/P155s&gt;</Path>
          <Path>?b/&lt;http://www.wikidata.org/entity/P155c&gt;</Path>
          <Path>?b/&lt;http://www.wikidata.org/entity/P646s&gt;</Path>
          <Path>?b/&lt;http://www.wikidata.org/entity/P646c&gt;</Path>
          <Path>?b/&lt;http://www.wikidata.org/entity/P646-freebase&gt;</Path>
          <Path>?b/&lt;http://www.wikidata.org/entity/P495s&gt;</Path>
          <Path>?b/&lt;http://www.wikidata.org/entity/P495c&gt;</Path>
          <Path>?b/&lt;http://www.wikidata.org/entity/P179s&gt;</Path>
          <Path>?b/&lt;http://www.wikidata.org/entity/P179c&gt;</Path>
          <Path>?b/&lt;http://www.wikidata.org/entity/P357s&gt;</Path>
          <Path>?b/&lt;http://www.wikidata.org/entity/P357c&gt;</Path>
          <Path>?b/&lt;http://www.wikidata.org/entity/P840s&gt;</Path>
          <Path>?b/&lt;http://www.wikidata.org/entity/P840c&gt;</Path>
          <Path>?b/&lt;http://www.wikidata.org/entity/P577s&gt;</Path>
          <Path>?b/&lt;http://www.wikidata.org/entity/P577c&gt;</Path>
          <Path>?b/&lt;http://www.wikidata.org/entity/P921s&gt;</Path>
          <Path>?b/&lt;http://www.wikidata.org/entity/P921c&gt;</Path>
          <Path>?b/&lt;http://www.wikidata.org/entity/P110s&gt;</Path>
          <Path>?b/&lt;http://www.wikidata.org/entity/P110c&gt;</Path>
          <Path>?b/&lt;http://www.wikidata.org/entity/P674s&gt;</Path>
          <Path>?b/&lt;http://www.wikidata.org/entity/P674c&gt;</Path>
          <Path>?b/&lt;http://www.wikidata.org/entity/P268s&gt;</Path>
          <Path>?b/&lt;http://www.wikidata.org/entity/P268c&gt;</Path>
          <Path>?b/&lt;http://www.wikidata.org/entity/P373s&gt;</Path>
          <Path>?b/&lt;http://www.wikidata.org/entity/P373c&gt;</Path>
          <Path>?b/&lt;http://www.wikidata.org/entity/P18s&gt;</Path>
          <Path>?b/&lt;http://www.wikidata.org/entity/P18c&gt;</Path>
          <Path>?b\&lt;http://schema.org/about&gt;</Path>
          <Path>?b\&lt;http://www.wikidata.org/entity/P155v&gt;</Path>
          <Path>?b\&lt;http://www.wikidata.org/entity/P155c&gt;</Path>
          <Path>?b\&lt;http://www.wikidata.org/entity/P156c&gt;</Path>
          <Path>?b\&lt;http://www.wikidata.org/entity/P156v&gt;</Path>
          <Path>?b\&lt;http://www.wikidata.org/entity/P248r&gt;</Path>
          <Path>?b\&lt;http://www.wikidata.org/entity/P800v&gt;</Path>
          <Path>?b\&lt;http://www.wikidata.org/entity/P800c&gt;</Path>
          <Path>?b\&lt;http://www.wikidata.org/entity/P972q&gt;</Path>
          <Path>?b\&lt;http://www.wikidata.org/entity/P144v&gt;</Path>
        </Paths>
      </EntityDescription>
    </Target>
  </EntityDescriptions>
  <PositiveEntities> </PositiveEntities>
  <NegativeEntities> </NegativeEntities>
</Cache>
