<Interlink id="Wikidata_isbn">
  <LinkType>&lt;http://www.w3.org/2002/07/owl#sameAs&gt;</LinkType>
  <SourceDataset dataSource="nbc_ggc" var="a">
    <RestrictTo> ?a ?p ?o . </RestrictTo>
  </SourceDataset>
  <TargetDataset dataSource="Wikidata" var="b">
    <RestrictTo> ?b &lt;http://www.w3.org/1999/02/22-rdf-syntax-ns#type&gt; &lt;http://www.wikidata.org/entity/Q571&gt; . </RestrictTo>
  </TargetDataset>
  <LinkageRule>
    <Compare id="unnamed_4" required="false" weight="1" metric="equality" threshold="0.0" indexing="true">
      <TransformInput id="unnamed_5" function="replace">
        <Input id="unnamed_6" path="?b/&lt;http://www.wikidata.org/entity/P957c&gt;"/>
        <Param name="search" value="-"/>
        <Param name="replace" value=""/>
      </TransformInput>
      <Input id="unnamed_2" path="?a/&lt;http://data.bibliotheek.nl/ns/isbn&gt;"/>
    </Compare>
  </LinkageRule>
  <Filter unambiguous="false"/>
  <Outputs> </Outputs>
</Interlink>
