<Interlink id="OpenSkosBrinkman">
  <SourceDataset dataSource="erfgoedThesaurus" var="a">
    <RestrictTo> ?a &lt;http://www.w3.org/1999/02/22-rdf-syntax-ns#type&gt; &lt;http://www.w3.org/2004/02/skos/core#Concept&gt; . </RestrictTo>
  </SourceDataset>
  <TargetDataset dataSource="kb_nbc" var="b">
    <RestrictTo> ?b &lt;http://www.w3.org/1999/02/22-rdf-syntax-ns#type&gt; &lt;http://www.w3.org/2004/02/skos/core#Concept&gt; . ?b &lt;http://www.w3.org/2004/02/skos/core#inScheme&gt; &lt;http://schemas.kb.nl/thesaurus/Brinkman&gt; . </RestrictTo>
  </TargetDataset>
  <LinkageRule linkType="&lt;http://www.w3.org/2002/07/owl#sameAs&gt;">
    <Aggregate id="unnamed_11" required="false" weight="1" type="max">
      <Compare id="unnamed_5" required="false" weight="1" metric="equality" threshold="0.0" indexing="true">
        <TransformInput id="unnamed_3" function="lowerCase">
          <Input id="unnamed_1" path="?a/&lt;http://www.w3.org/2004/02/skos/core#prefLabel&gt;"/>
        </TransformInput>
        <TransformInput id="unnamed_4" function="lowerCase">
          <Input id="unnamed_2" path="?b/&lt;http://www.w3.org/2004/02/skos/core#prefLabel&gt;"/>
        </TransformInput>
      </Compare>
      <Compare id="unnamed_10" required="false" weight="1" metric="equality" threshold="0.0" indexing="true">
        <TransformInput id="unnamed_8" function="lowerCase">
          <Input id="unnamed_6" path="?a/&lt;http://www.w3.org/2004/02/skos/core#prefLabel&gt;"/>
        </TransformInput>
        <TransformInput id="unnamed_9" function="lowerCase">
          <Input id="unnamed_7" path="?b/&lt;http://www.w3.org/2004/02/skos/core#altLabel&gt;"/>
        </TransformInput>
      </Compare>
      <Compare id="unnamed_16" required="false" weight="1" metric="equality" threshold="0.0" indexing="true">
        <TransformInput id="unnamed_14" function="lowerCase">
          <Input id="unnamed_12" path="?a/&lt;http://www.w3.org/2004/02/skos/core#altLabel&gt;"/>
        </TransformInput>
        <TransformInput id="unnamed_15" function="lowerCase">
          <Input id="unnamed_13" path="?b/&lt;http://www.w3.org/2004/02/skos/core#prefLabel&gt;"/>
        </TransformInput>
      </Compare>
    </Aggregate>
    <Filter/>
  </LinkageRule>
  <Outputs>
    <Dataset id="output">
      <DatasetPlugin type="file">
        <Param name="file" value="output.nt"/>
        <Param name="format" value="N-Triples"/>
        <Param name="graph" value=""/>
      </DatasetPlugin>
    </Dataset>
  </Outputs>
</Interlink>
