<Pair>
  <Source>
    <EntityDescription>
      <Variable>a</Variable>
      <Restrictions>?a &lt;http://www.w3.org/1999/02/22-rdf-syntax-ns#type&gt; &lt;http://www.w3.org/2004/02/skos/core#Concept&gt; .</Restrictions>
      <Paths>
        <Path>?a/&lt;http://www.w3.org/2004/02/skos/core#prefLabel&gt;</Path>
        <Path>?a/&lt;http://www.w3.org/2004/02/skos/core#inScheme&gt;</Path>
        <Path>?a/&lt;http://www.w3.org/1999/02/22-rdf-syntax-ns#type&gt;</Path>
        <Path>?a/&lt;http://xmlns.com/foaf/focus&gt;</Path>
        <Path>?a/&lt;http://www.w3.org/2004/02/skos/core#altLabel&gt;</Path>
        <Path>?a/&lt;http://rdfs.org/ns/void#inDataset&gt;</Path>
        <Path>?a/&lt;http://purl.org/dc/elements/1.1/type&gt;</Path>
        <Path>?a/&lt;http://www.w3.org/2004/02/skos/core#editorialNote&gt;</Path>
        <Path>?a/&lt;http://schema.org/Country&gt;</Path>
        <Path>?a/&lt;http://www.w3.org/2004/02/skos/core#broader&gt;</Path>
        <Path>?a/&lt;http://www.w3.org/2004/02/skos/core#related&gt;</Path>
        <Path>?a/&lt;http://www.w3.org/2002/07/owl#sameAs&gt;</Path>
        <Path>?a/&lt;http://www.w3.org/2004/02/skos/core#historyNote&gt;</Path>
        <Path>?a/&lt;http://www.w3.org/2004/02/skos/core#scopeNote&gt;</Path>
        <Path>?a/&lt;http://www.w3.org/2004/02/skos/core#relatedMatch&gt;</Path>
        <Path>?a/&lt;http://www.w3.org/2004/02/skos/core#exactMatch&gt;</Path>
        <Path>?a/&lt;http://schema.org/foundingDate&gt;</Path>
        <Path>?a/&lt;http://schema.org/dissolutionDate&gt;</Path>
        <Path>?a/&lt;http://www.w3.org/2004/02/skos/core#definition&gt;</Path>
        <Path>?a/&lt;http://www.w3.org/2004/02/skos/core#notation&gt;</Path>
        <Path>?a/&lt;http://www.w3.org/2000/01/rdf-schema#label&gt;</Path>
        <Path>?a/&lt;http://www.w3.org/2004/02/skos/core#hiddenLabel&gt;</Path>
        <Path>?a/&lt;http://purl.org/dc/terms/title&gt;</Path>
        <Path>?a/&lt;http://lod.kb.nl/ontology/ppn&gt;</Path>
        <Path>?a/&lt;http://purl.org/dc/terms/date&gt;</Path>
        <Path>?a/&lt;http://purl.org/dc/elements/1.1/language&gt;</Path>
        <Path>?a/&lt;http://purl.org/dc/terms/creator&gt;</Path>
        <Path>?a/&lt;http://www.w3.org/2004/02/skos/core#topConceptOf&gt;</Path>
        <Path>?a\&lt;http://purl.org/dc/terms/subject&gt;</Path>
        <Path>?a\&lt;http://purl.org/dc/terms/coverage&gt;</Path>
        <Path>?a\&lt;http://www.w3.org/2004/02/skos/core#related&gt;</Path>
        <Path>?a\&lt;http://www.w3.org/2004/02/skos/core#broader&gt;</Path>
        <Path>?a\&lt;http://purl.org/dc/terms/type&gt;</Path>
        <Path>?a\&lt;http://lod.kb.nl/rce/ontology/cho#heeftOorspronkelijkeFunctie&gt;</Path>
        <Path>?a\&lt;http://www.w3.org/2004/02/skos/core#exactMatch&gt;</Path>
        <Path>?a\&lt;http://xmlns.com/foaf/focus&gt;</Path>
        <Path>?a\&lt;http://lod.kb.nl/sgd/region&gt;</Path>
        <Path>?a\&lt;http://purl.org/dc/terms/isFormatOf&gt;</Path>
      </Paths>
    </EntityDescription>
  </Source>
  <Target>
    <EntityDescription>
      <Variable>b</Variable>
      <Restrictions>?b &lt;http://www.w3.org/1999/02/22-rdf-syntax-ns#type&gt; &lt;http://www.w3.org/2004/02/skos/core#Concept&gt; .</Restrictions>
      <Paths>
        <Path>?b/&lt;http://www.w3.org/2004/02/skos/core#prefLabel&gt;</Path>
        <Path>?b/&lt;http://www.w3.org/2004/02/skos/core#inScheme&gt;</Path>
        <Path>?b/&lt;http://www.w3.org/1999/02/22-rdf-syntax-ns#type&gt;</Path>
        <Path>?b/&lt;http://xmlns.com/foaf/focus&gt;</Path>
        <Path>?b/&lt;http://www.w3.org/2004/02/skos/core#altLabel&gt;</Path>
        <Path>?b/&lt;http://rdfs.org/ns/void#inDataset&gt;</Path>
        <Path>?b/&lt;http://purl.org/dc/elements/1.1/type&gt;</Path>
        <Path>?b/&lt;http://www.w3.org/2004/02/skos/core#editorialNote&gt;</Path>
        <Path>?b/&lt;http://schema.org/Country&gt;</Path>
        <Path>?b/&lt;http://www.w3.org/2004/02/skos/core#broader&gt;</Path>
        <Path>?b/&lt;http://www.w3.org/2004/02/skos/core#related&gt;</Path>
        <Path>?b/&lt;http://www.w3.org/2002/07/owl#sameAs&gt;</Path>
        <Path>?b/&lt;http://www.w3.org/2004/02/skos/core#historyNote&gt;</Path>
        <Path>?b/&lt;http://www.w3.org/2004/02/skos/core#scopeNote&gt;</Path>
        <Path>?b/&lt;http://www.w3.org/2004/02/skos/core#relatedMatch&gt;</Path>
        <Path>?b/&lt;http://www.w3.org/2004/02/skos/core#exactMatch&gt;</Path>
        <Path>?b/&lt;http://schema.org/foundingDate&gt;</Path>
        <Path>?b/&lt;http://schema.org/dissolutionDate&gt;</Path>
        <Path>?b/&lt;http://www.w3.org/2004/02/skos/core#definition&gt;</Path>
        <Path>?b/&lt;http://www.w3.org/2004/02/skos/core#notation&gt;</Path>
        <Path>?b/&lt;http://www.w3.org/2000/01/rdf-schema#label&gt;</Path>
        <Path>?b/&lt;http://www.w3.org/2004/02/skos/core#hiddenLabel&gt;</Path>
        <Path>?b/&lt;http://purl.org/dc/terms/title&gt;</Path>
        <Path>?b/&lt;http://lod.kb.nl/ontology/ppn&gt;</Path>
        <Path>?b/&lt;http://purl.org/dc/terms/date&gt;</Path>
        <Path>?b/&lt;http://purl.org/dc/elements/1.1/language&gt;</Path>
        <Path>?b/&lt;http://purl.org/dc/terms/creator&gt;</Path>
        <Path>?b/&lt;http://www.w3.org/2004/02/skos/core#topConceptOf&gt;</Path>
        <Path>?b\&lt;http://purl.org/dc/terms/subject&gt;</Path>
        <Path>?b\&lt;http://purl.org/dc/terms/coverage&gt;</Path>
        <Path>?b\&lt;http://www.w3.org/2004/02/skos/core#related&gt;</Path>
        <Path>?b\&lt;http://www.w3.org/2004/02/skos/core#broader&gt;</Path>
        <Path>?b\&lt;http://purl.org/dc/terms/type&gt;</Path>
        <Path>?b\&lt;http://lod.kb.nl/rce/ontology/cho#heeftOorspronkelijkeFunctie&gt;</Path>
        <Path>?b\&lt;http://www.w3.org/2004/02/skos/core#exactMatch&gt;</Path>
        <Path>?b\&lt;http://xmlns.com/foaf/focus&gt;</Path>
        <Path>?b\&lt;http://lod.kb.nl/sgd/region&gt;</Path>
        <Path>?b\&lt;http://purl.org/dc/terms/isFormatOf&gt;</Path>
      </Paths>
    </EntityDescription>
  </Target>
</Pair>
