<Types>
  <Type frequency="1.0">http://schema.org/Book</Type>
  <Type frequency="0.760960727598751">http://www.w3.org/2004/02/skos/core#Concept</Type>
  <Type frequency="0.7013742216707897">http://schema.org/Person</Type>
  <Type frequency="0.5750366353161159">http://lod.kb.nl/ontology/didl/Item</Type>
  <Type frequency="0.3803091067120722">http://purl.org/dc/dcmitype/Image</Type>
  <Type frequency="0.3803088327007325">http://data.kb.nl/ontology/Typoscript</Type>
  <Type frequency="0.14276977238426036">http://schema.org/CreativeWork</Type>
  <Type frequency="0.05053563736681679">http://schema.org/EBook</Type>
  <Type frequency="0.03705647154501842">http://bib.schema.org/Audiobook</Type>
  <Type frequency="0.021920907174822524">http://data.kb.nl/ontology/Lemma</Type>
  <Type frequency="0.017519463025457847">http://www.w3.org/2000/01/rdf-schema#Resource</Type>
  <Type frequency="0.017519463025457847">http://lod.kb.nl/rce/ontology/cho#Rijksmonument</Type>
  <Type frequency="5.915904823805228E-4">http://dbpedia.org/resource/Library</Type>
  <Type frequency="4.967825588494154E-4">http://purl.org/dc/dcmitype/Text</Type>
  <Type frequency="4.967825588494154E-4">http://lod.kb.nl/ontology/OnlineResource</Type>
  <Type frequency="4.945904681319332E-4">http://lod.kb.nl/ontology/Boek</Type>
  <Type frequency="1.5235030486501652E-4">http://data.kb.nl/ontology/Kaart</Type>
  <Type frequency="1.5235030486501652E-4">http://schema.org/Map</Type>
  <Type frequency="1.3864973788075245E-4">http://www.opengis.net/ont/geosparql#Polygon</Type>
  <Type frequency="1.1042656989316845E-4">http://standaarden.overheid.nl/owms/terms/Gemeente</Type>
  <Type frequency="6.850283492132038E-6">http://lod.kb.nl/gids/gids/bibsoort12204</Type>
  <Type frequency="3.2881360762233786E-6">http://lod.kb.nl/gids/gids/bibsoort425263108</Type>
  <Type frequency="2.192090717482252E-6">http://lod.kb.nl/ontology/TijdschriftSerie</Type>
  <Type frequency="1.9180793777969707E-6">http://data.kb.nl/ontology/Register</Type>
  <Type frequency="1.9180793777969707E-6">http://www.w3.org/2004/02/skos/core#ConceptScheme</Type>
  <Type frequency="1.6440680381116893E-6">http://lod.kb.nl/gids/gids/bibsoort427656159</Type>
  <Type frequency="1.6440680381116893E-6">http://lod.kb.nl/gids/gids/bibsoort9336</Type>
  <Type frequency="1.3700566984264077E-6">http://purl.org/dc/terms/BibliographicResource</Type>
  <Type frequency="1.096045358741126E-6">http://www.w3.org/2002/07/owl#Ontology</Type>
  <Type frequency="8.220340190558446E-7">http://schema.org/Dataset</Type>
  <Type frequency="8.220340190558446E-7">http://rdfs.org/ns/void#Dataset</Type>
  <Type frequency="8.220340190558446E-7">http://lod.kb.nl/gids/gids/bibsoort1038</Type>
  <Type frequency="8.220340190558446E-7">http://lod.kb.nl/gids/gids/bibsoort427656253</Type>
  <Type frequency="5.48022679370563E-7">http://lod.kb.nl/rce/ontology/cho#MonumentAard</Type>
  <Type frequency="5.48022679370563E-7">http://lod.kb.nl/sgd/RegisterType</Type>
  <Type frequency="5.48022679370563E-7">http://purl.org/dc/dcmitype/Collection</Type>
  <Type frequency="5.48022679370563E-7">http://lod.kb.nl/rce/ontology/cho#Status</Type>
  <Type frequency="2.740113396852815E-7">http://schema.org/Organization</Type>
  <Type frequency="2.740113396852815E-7">http://purl.org/dc/terms/RightsStatement</Type>
  <Type frequency="2.740113396852815E-7">http://lod.kb.nl/gids/gids/bibsoort427656252</Type>
</Types>
