<Types>
  <Type frequency="1.0">http://schema.org/Book</Type>
  <Type frequency="0.7546199707246124">http://www.w3.org/2004/02/skos/core#Concept</Type>
  <Type frequency="0.5750369504494063">http://lod.kb.nl/ontology/didl/Item</Type>
  <Type frequency="0.38030904111871217">http://purl.org/dc/dcmitype/Image</Type>
  <Type frequency="0.38030904111871217">http://data.kb.nl/ontology/Typoscript</Type>
  <Type frequency="0.14923816585477062">http://schema.org/Person</Type>
  <Type frequency="0.14276957661388656">http://schema.org/CreativeWork</Type>
  <Type frequency="0.05053539105001751">http://schema.org/EBook</Type>
  <Type frequency="0.03705649185281637">http://bib.schema.org/Audiobook</Type>
  <Type frequency="0.02192091918798339">http://data.kb.nl/ontology/Lemma</Type>
  <Type frequency="4.967828310976736E-4">http://purl.org/dc/dcmitype/Text</Type>
  <Type frequency="4.967828310976736E-4">http://lod.kb.nl/ontology/online resource</Type>
  <Type frequency="4.945907391788753E-4">http://lod.kb.nl/ontology/boek</Type>
  <Type frequency="1.5235038835648457E-4">http://data.kb.nl/ontology/Kaart</Type>
  <Type frequency="1.5235038835648457E-4">http://schema.org/Map</Type>
  <Type frequency="1.3864981386399494E-4">http://www.opengis.net/ont/geosparql#Polygon</Type>
  <Type frequency="3.452544772107384E-5">http://www.openlinksw.com/schemas/virtrdf#QuadMapFormat</Type>
  <Type frequency="3.452544772107384E-5">http://www.openlinksw.com/schemas/virtrdf#array-of-QuadMapFormat</Type>
  <Type frequency="6.3022642665452245E-6">http://www.w3.org/1999/02/22-rdf-syntax-ns#Property</Type>
  <Type frequency="4.1101723477468855E-6">http://www.w3.org/2000/01/rdf-schema#Class</Type>
  <Type frequency="2.192091918798339E-6">http://www.openlinksw.com/schemas/virtrdf#array-of-QuadMapColumn</Type>
  <Type frequency="2.192091918798339E-6">http://lod.kb.nl/ontology/tijdschrift/serie</Type>
  <Type frequency="2.192091918798339E-6">http://www.openlinksw.com/schemas/virtrdf#QuadMapValue</Type>
  <Type frequency="2.192091918798339E-6">http://www.openlinksw.com/schemas/virtrdf#QuadMapColumn</Type>
  <Type frequency="1.9180804289485465E-6">http://data.kb.nl/ontology/Register</Type>
  <Type frequency="1.370057449248962E-6">http://www.w3.org/2002/07/owl#AnnotationProperty</Type>
  <Type frequency="1.370057449248962E-6">http://purl.org/dc/terms/BibliographicResource</Type>
  <Type frequency="1.0960459593991695E-6">http://www.openlinksw.com/schemas/virtrdf#QuadMapFText</Type>
  <Type frequency="1.0960459593991695E-6">http://www.w3.org/2002/07/owl#OntologyProperty</Type>
  <Type frequency="8.220344695493771E-7">http://www.openlinksw.com/schemas/virtrdf#QuadStorage</Type>
  <Type frequency="8.220344695493771E-7">http://www.openlinksw.com/schemas/virtrdf#array-of-QuadMap</Type>
  <Type frequency="8.220344695493771E-7">http://www.w3.org/2002/07/owl#Class</Type>
  <Type frequency="5.480229796995847E-7">http://lod.kb.nl/sgd/RegisterType</Type>
  <Type frequency="5.480229796995847E-7">http://www.openlinksw.com/schemas/virtrdf#QuadMap</Type>
  <Type frequency="5.480229796995847E-7">http://www.openlinksw.com/schemas/virtrdf#array-of-QuadMapATable</Type>
  <Type frequency="5.480229796995847E-7">http://www.openlinksw.com/schemas/virtrdf#QuadMapATable</Type>
  <Type frequency="5.480229796995847E-7">http://www.openlinksw.com/schemas/virtrdf#array-of-string</Type>
  <Type frequency="5.480229796995847E-7">http://purl.org/dc/dcmitype/Collection</Type>
  <Type frequency="2.7401148984979237E-7">http://www.w3.org/ns/sparql-service-description#Service</Type>
  <Type frequency="2.7401148984979237E-7">http://www.w3.org/2002/07/owl#Ontology</Type>
  <Type frequency="2.7401148984979237E-7">http://purl.org/dc/terms/RightsStatement</Type>
</Types>
