<Types>
  <Type frequency="1.0">http://data.linkedmdb.org/resource/movie/actor</Type>
  <Type frequency="1.0">http://data.linkedmdb.org/resource/movie/cinematographer</Type>
  <Type frequency="0.0428">http://data.linkedmdb.org/resource/movie/content_rating</Type>
  <Type frequency="0.0184">http://data.linkedmdb.org/resource/movie/content_rating_system</Type>
  <Type frequency="0.0988">http://data.linkedmdb.org/resource/movie/country</Type>
  <Type frequency="1.0">http://data.linkedmdb.org/resource/movie/director</Type>
  <Type frequency="0.0472">http://data.linkedmdb.org/resource/movie/dubbing_performance</Type>
  <Type frequency="1.0">http://data.linkedmdb.org/resource/movie/editor</Type>
  <Type frequency="1.0">http://data.linkedmdb.org/resource/movie/film</Type>
  <Type frequency="0.146">http://data.linkedmdb.org/resource/movie/film_art_director</Type>
  <Type frequency="0.0508">http://data.linkedmdb.org/resource/movie/film_awards_ceremony</Type>
  <Type frequency="0.1092">http://data.linkedmdb.org/resource/movie/film_casting_director</Type>
  <Type frequency="1.0">http://data.linkedmdb.org/resource/movie/film_character</Type>
  <Type frequency="4.0E-4">http://data.linkedmdb.org/resource/movie/film_collection</Type>
  <Type frequency="0.1352">http://data.linkedmdb.org/resource/movie/film_company</Type>
  <Type frequency="0.1412">http://data.linkedmdb.org/resource/movie/film_costume_designer</Type>
  <Type frequency="1.0">http://data.linkedmdb.org/resource/movie/film_crew_gig</Type>
  <Type frequency="0.01">http://data.linkedmdb.org/resource/movie/film_crewmember</Type>
  <Type frequency="0.0608">http://data.linkedmdb.org/resource/movie/film_critic</Type>
  <Type frequency="1.0">http://data.linkedmdb.org/resource/movie/film_cut</Type>
  <Type frequency="0.004">http://data.linkedmdb.org/resource/movie/film_distribution_medium</Type>
  <Type frequency="0.0676">http://data.linkedmdb.org/resource/movie/film_distributor</Type>
  <Type frequency="0.0288">http://data.linkedmdb.org/resource/movie/film_featured_song</Type>
  <Type frequency="0.2264">http://data.linkedmdb.org/resource/movie/film_festival</Type>
  <Type frequency="0.274">http://data.linkedmdb.org/resource/movie/film_festival_event</Type>
  <Type frequency="0.0052">http://data.linkedmdb.org/resource/movie/film_festival_focus</Type>
  <Type frequency="0.028">http://data.linkedmdb.org/resource/movie/film_festival_sponsor</Type>
  <Type frequency="0.0144">http://data.linkedmdb.org/resource/movie/film_film_company_relationship</Type>
  <Type frequency="1.0">http://data.linkedmdb.org/resource/movie/film_film_distributor_relationship</Type>
  <Type frequency="0.0228">http://data.linkedmdb.org/resource/movie/film_format</Type>
  <Type frequency="0.1636">http://data.linkedmdb.org/resource/movie/film_genre</Type>
  <Type frequency="1.0">http://data.linkedmdb.org/resource/movie/film_job</Type>
  <Type frequency="0.526">http://data.linkedmdb.org/resource/movie/film_location</Type>
  <Type frequency="0.1172">http://data.linkedmdb.org/resource/movie/film_production_designer</Type>
  <Type frequency="0.1672">http://data.linkedmdb.org/resource/movie/film_regional_release_date</Type>
  <Type frequency="0.0092">http://data.linkedmdb.org/resource/movie/film_screening_venue</Type>
  <Type frequency="0.082">http://data.linkedmdb.org/resource/movie/film_series</Type>
  <Type frequency="0.0824">http://data.linkedmdb.org/resource/movie/film_set_designer</Type>
  <Type frequency="0.296">http://data.linkedmdb.org/resource/movie/film_story_contributor</Type>
  <Type frequency="0.4996">http://data.linkedmdb.org/resource/movie/film_subject</Type>
  <Type frequency="0.0112">http://data.linkedmdb.org/resource/movie/film_theorist</Type>
  <Type frequency="1.0">http://data.linkedmdb.org/resource/movie/music_contributor</Type>
  <Type frequency="1.0">http://data.linkedmdb.org/resource/movie/performance</Type>
  <Type frequency="0.448">http://data.linkedmdb.org/resource/movie/personal_film_appearance</Type>
  <Type frequency="0.002">http://data.linkedmdb.org/resource/movie/personal_film_appearance_type</Type>
  <Type frequency="1.0">http://data.linkedmdb.org/resource/movie/producer</Type>
  <Type frequency="0.7704">http://data.linkedmdb.org/resource/movie/production_company</Type>
  <Type frequency="0.0044">http://data.linkedmdb.org/resource/movie/special_film_performance_type</Type>
  <Type frequency="1.0">http://data.linkedmdb.org/resource/movie/writer</Type>
  <Type frequency="1.0">http://data.linkedmdb.org/resource/oddlinker/interlink</Type>
  <Type frequency="0.0028">http://data.linkedmdb.org/resource/oddlinker/linkage_run</Type>
  <Type frequency="0.2764">http://xmlns.com/foaf/0.1/Agent</Type>
  <Type frequency="4.01">http://xmlns.com/foaf/0.1/Person</Type>
</Types>
