<Types>
  <Type frequency="1.0">http://www.w3.org/2004/02/skos/core#Concept</Type>
  <Type frequency="0.7620219087194786">http://lod.kb.nl/ontology/didl/Item</Type>
  <Type frequency="0.5039742597237735">http://purl.org/dc/dcmitype/Image</Type>
  <Type frequency="0.5039742597237735">http://data.kb.nl/ontology/Typoscript</Type>
  <Type frequency="0.02904895184119519">http://data.kb.nl/ontology/Lemma</Type>
  <Type frequency="6.58321871101086E-4">http://purl.org/dc/dcmitype/Text</Type>
  <Type frequency="6.58321871101086E-4">http://lod.kb.nl/ontology/online resource</Type>
  <Type frequency="6.554169759169665E-4">http://lod.kb.nl/ontology/boek</Type>
  <Type frequency="2.0189021529630656E-4">http://data.kb.nl/ontology/Kaart</Type>
  <Type frequency="2.0189021529630656E-4">http://schema.org/Map</Type>
  <Type frequency="1.8373462039555956E-4">http://www.opengis.net/ont/geosparql#Polygon</Type>
  <Type frequency="4.575209914988242E-5">http://www.openlinksw.com/schemas/virtrdf#QuadMapFormat</Type>
  <Type frequency="4.575209914988242E-5">http://www.openlinksw.com/schemas/virtrdf#array-of-QuadMapFormat</Type>
  <Type frequency="8.351573654343617E-6">http://www.w3.org/1999/02/22-rdf-syntax-ns#Property</Type>
  <Type frequency="5.446678470224098E-6">http://www.w3.org/2000/01/rdf-schema#Class</Type>
  <Type frequency="2.904895184119519E-6">http://www.openlinksw.com/schemas/virtrdf#array-of-QuadMapColumn</Type>
  <Type frequency="2.904895184119519E-6">http://lod.kb.nl/ontology/tijdschrift/serie</Type>
  <Type frequency="2.904895184119519E-6">http://www.openlinksw.com/schemas/virtrdf#QuadMapValue</Type>
  <Type frequency="2.904895184119519E-6">http://www.openlinksw.com/schemas/virtrdf#QuadMapColumn</Type>
  <Type frequency="2.541783286104579E-6">http://data.kb.nl/ontology/Register</Type>
  <Type frequency="1.8155594900746995E-6">http://www.w3.org/2002/07/owl#AnnotationProperty</Type>
  <Type frequency="1.8155594900746995E-6">http://purl.org/dc/terms/BibliographicResource</Type>
  <Type frequency="1.4524475920597596E-6">http://www.openlinksw.com/schemas/virtrdf#QuadMapFText</Type>
  <Type frequency="1.4524475920597596E-6">http://www.w3.org/2002/07/owl#OntologyProperty</Type>
  <Type frequency="1.0893356940448197E-6">http://www.openlinksw.com/schemas/virtrdf#QuadStorage</Type>
  <Type frequency="1.0893356940448197E-6">http://www.openlinksw.com/schemas/virtrdf#array-of-QuadMap</Type>
  <Type frequency="1.0893356940448197E-6">http://www.w3.org/2002/07/owl#Class</Type>
  <Type frequency="7.262237960298798E-7">http://lod.kb.nl/sgd/RegisterType</Type>
  <Type frequency="7.262237960298798E-7">http://www.openlinksw.com/schemas/virtrdf#QuadMap</Type>
  <Type frequency="7.262237960298798E-7">http://www.openlinksw.com/schemas/virtrdf#array-of-QuadMapATable</Type>
  <Type frequency="7.262237960298798E-7">http://www.openlinksw.com/schemas/virtrdf#QuadMapATable</Type>
  <Type frequency="7.262237960298798E-7">http://www.openlinksw.com/schemas/virtrdf#array-of-string</Type>
  <Type frequency="7.262237960298798E-7">http://purl.org/dc/dcmitype/Collection</Type>
  <Type frequency="3.631118980149399E-7">http://www.w3.org/2002/07/owl#Ontology</Type>
  <Type frequency="3.631118980149399E-7">http://www.w3.org/ns/sparql-service-description#Service</Type>
  <Type frequency="3.631118980149399E-7">http://purl.org/dc/terms/RightsStatement</Type>
</Types>
