<Dataset id="nldbpedia">
  <DatasetPlugin type="sparqlEndpoint">
    <Param name="pageSize" value="1000"/>
    <Param name="pauseTime" value="0"/>
    <Param name="retryCount" value="3"/>
    <Param name="endpointURI" value="http://nl.dbpedia.org/sparql"/>
    <Param name="retryPause" value="1000"/>
    <Param name="updateParameter" value="query"/>
    <Param name="graph" value=""/>
    <Param name="queryParameters" value=""/>
    <Param name="login" value=""/>
    <Param name="entityList" value=""/>
    <Param name="parallel" value="true"/>
    <Param name="password" value=""/>
  </DatasetPlugin>
</Dataset>
