<Interlink id="NTA_DBpedia2">
  <SourceDataset dataSource="PersonLabelsNBC" var="a">
    <RestrictTo> ?a ?pa ?oa . </RestrictTo>
  </SourceDataset>
  <TargetDataset dataSource="nldbpedialabels" var="b">
    <RestrictTo> ?b ?pb ?ob . </RestrictTo>
  </TargetDataset>
  <LinkageRule linkType="&lt;http://www.w3.org/2002/07/owl#sameAs&gt;">
    <Compare id="unnamed_5" required="false" weight="1" metric="equality" threshold="0.0" indexing="true">
      <TransformInput id="unnamed_3" function="lowerCase">
        <Input id="unnamed_1" path="?a/&lt;http://www.w3.org/2000/01/rdf-schema#label&gt;"/>
      </TransformInput>
      <TransformInput id="unnamed_4" function="lowerCase">
        <Input id="unnamed_2" path="?b/&lt;http://www.w3.org/2000/01/rdf-schema#label&gt;"/>
      </TransformInput>
    </Compare>
    <Filter/>
  </LinkageRule>
  <Outputs>
    <Dataset id="output">
      <DatasetPlugin type="file">
        <Param name="file" value="output.nt"/>
        <Param name="format" value="N-Triples"/>
        <Param name="graph" value=""/>
      </DatasetPlugin>
    </Dataset>
  </Outputs>
</Interlink>
