<Pair>
  <Source>
    <EntityDescription>
      <Variable>a</Variable>
      <Restrictions>?a ?pa ?oa .</Restrictions>
      <Paths>
        <Path>?a/&lt;http://www.w3.org/2000/01/rdf-schema#label&gt;</Path>
      </Paths>
    </EntityDescription>
  </Source>
  <Target>
    <EntityDescription>
      <Variable>b</Variable>
      <Restrictions>?b ?pb ?ob .</Restrictions>
      <Paths>
        <Path>?b/&lt;http://www.w3.org/2000/01/rdf-schema#label&gt;</Path>
      </Paths>
    </EntityDescription>
  </Target>
</Pair>
